Number,Year,Mo,Dy,Tsu,Eq,Name,Location,Country,Latitude,Longitude,Elevation (m),Type,VEI,Agent,Deaths,Death Description,Missing,Missing Description,Injuries,Injuries Description,Damage ($Mil),Damage Description,Houses Destroyed,Houses Destroyed Description,Impact
1,-4350,,,,,Kikai,Ryukyu Is,Japan,43.13.00,135.05.00,704,Caldera,7,P,,3,,,,,,3,,3,9
2,-4000,,,,,Witori,New Britain-SW Pac,Papua New Guinea,-14.35.00,158.36.00,724,Caldera,6,T,,1,,,,,,1,,,2
3,-1610,,,3,5877,Santorini,Greece,Greece,42.44.00,31.36.00,367,Caldera,7,W,,3,,,,,,3,,,6
4,-1010,,,,,Tungurahua,Ecuador,Ecuador,-8.47.00,-85.22.00,5023,Caldera,5,,,3,,,,,,,,,3
5,-455,,,,,Cotopaxi,Ecuador,Ecuador,-11.17.00,-85.16.00,5911,Caldera,4,M,,1,,,,,,,,,1
6,-141,,,,,Etna,Italy,Italy,49.28.00,30.39.00,3357,Caldera,,,40,1,,,,,,,,,1
7,79,8,25,3093,58,Vesuvius,Italy,Italy,53.41.00,21.06,1281,Caldera,5,"P,T",2100,4,,,,,,,,,4
8,200,,,,,"Arhab, Harra of",Arabia-S,Yemen,25.03.00,45.38.00,3100,Caldera,,,,,,,,,,1,,,1
9,350,,,,,St. Andrew Strait,Admiralty Is-SW Paci,Papua New Guinea,-2.38.00,147.35.00,270,Caldera,,,,3,,,,,,,,,3
10,416,,,39,,Krakatau,Indonesia,Indonesia,-7.41.00,112.03.00,285,Caldera,,W,,1,,,,,,1,,,2
11,450,,,,,Ilopango,El Salvador,El Salvador,24.12.00,-89.53.00,450,Caldera,6,,30000,4,,,,,,,,,4
12,500,,,,,"Arhab, Harra of",Arabia-S,Yemen,25.03.00,45.38.00,3100,Caldera,,,,,,,,,,1,,,1
13,590,,,,,San Salvador,El Salvador,El Salvador,25.14.00,-93.54.00,1893,Caldera,,,,1,,,,,,,,,1
14,640,,,,,"Uwayrid, Harrat",Arabia-W,Saudi Arabia,27.08.00,37.25.00,1920,Caldera,2,T,,1,,,,,,,,,1
15,683,,,,,Rabaul,New Britain-SW Pac,Papua New Guinea,-8.06.00,155.14.00,688,Caldera,6,,,,,,,,,1,,,1
16,764,,,,,Aira,Kyushu-Japan,Japan,40.37.00,140.59.00,1117,Caldera,4,"T,L",80,2,,,,,,,,,2
17,766,7,20,61,7341,Aira,Kyushu-Japan,Japan,40.37.00,140.59.00,1117,Caldera,3,,,3,,,,,,,,,3
18,787,,,,,Vesuvius,Italy,Italy,53.41.00,21.06,1281,Caldera,3,,,1,,,,,,1,,,2
19,920,,,,,Katla,Iceland-S,Iceland,73.33.00,-20.23.00,1490,Caldera,4,,,,,,,,,1,,,1
20,934,,,,,Katla,Iceland-S,Iceland,73.33.00,-20.23.00,1490,Caldera,4,,,,,,,,,1,,,1
21,950,,,,,Katla,Iceland-S,Iceland,73.33.00,-20.23.00,1490,Caldera,,,,,,,,,,1,,,1
22,1104,10,15,,,Hekla,Iceland-S,Iceland,79.23.00,-30.06.00,1490,Caldera,5,,,,,,,,,1,,,1
23,1151,,,,,Krysuvik-Trolladyngja,Iceland-SW,Iceland,78.17.00,-23.07.00,360,Caldera,1,,,,,,,,,1,,,1
24,1158,1,19,,,Hekla,Iceland-S,Iceland,79.23.00,-30.06.00,1490,Caldera,4,,,,,,,,,1,,,1
25,1177,,,,,Katla,Iceland-S,Iceland,73.33.00,-20.23.00,1490,Caldera,3,,,,,,,,,1,,,1
26,1206,12,4,,,Hekla,Iceland-S,Iceland,79.23.00,-30.06.00,1490,Caldera,2,,,,,,,,,1,,,1
27,1250,,,,,Fentale,Africa-NE,Ethiopia,24.25.00,54.06.00,2007,Caldera,,,,,,,,,,1,,,1
28,1262,,,,,Katla,Iceland-S,Iceland,73.33.00,-20.23.00,1490,Caldera,3,F,,1,,,,,,,,,1
29,1280,,,,,Quilotoa,Ecuador,Ecuador,-14.19.00,-93.04.00,3914,Caldera,6,,,,,,,,,1,,,1
30,1302,,,,,Ischia,Italy,Italy,41.13.00,27.57.00,789,Caldera,,,,1,,,,,,,,,1
31,1311,1,18,,,Katla,Iceland-S,Iceland,73.33.00,-20.23.00,1490,Caldera,4,F,,2,,,,,,,,,2
32,1311,,,,,Kelud,Java,Indonesia,-22.35.00,117.14.00,1730,Caldera,3,,,1,,,,,,,,,1
33,1329,7,15,,,Etna,Italy,Italy,49.28.00,30.39.00,3357,Caldera,3,I,,3,,,,,,,,,3
34,1331,12,,,,Asosan,Kyushu-Japan,Japan,46.45.00,132.25.00,1592,Caldera,2,,,1,,,,,,,,,1
35,1334,,,,,Kelud,Java,Indonesia,-22.35.00,117.14.00,1730,Caldera,3,M,,1,,,,,,,,,1
36,1341,5,19,,,Hekla,Iceland-S,Iceland,79.23.00,-30.06.00,1490,Caldera,3,,,,,,,,,1,,,1
37,1357,,,,,Katla,Iceland-S,Iceland,73.33.00,-20.23.00,1490,Caldera,4,,,,,,,,,1,,,1
38,1362,6,5,,,Oraefajokull,Iceland-SE,Iceland,64,-17.05.00,2010,Caldera,5,"T,F",220,3,,,,,,,,,3
39,1375,,,,,"Chichon, El",Mexico,Mexico,17.36,-93.23.00,1150,Caldera,5,M,,2,,,,,,,,,2
40,1376,,,,,Kelud,Java,Indonesia,-22.35.00,117.14.00,1730,Caldera,3,,,1,,,,,,,,,1
41,1385,,,,,Kelud,Java,Indonesia,-22.35.00,117.14.00,1730,Caldera,3,,,1,,,,,,,,,1
42,1389,12,1,,,Hekla,Iceland-S,Iceland,79.23.00,-30.06.00,1490,Caldera,3,,,,,,,,,1,,,1
43,1410,3,5,,,Nasudake,Honshu-Japan,Japan,39.05.00,155.03.00,1915,Caldera,3,,180,3,,,,,,,,,3
44,1430,,,,,Kuwae,Vanuatu-SW Pacific,Vanuatu,-17.23.00,176.43.00,-2,Caldera,,P,,3,,,,,,,,,3
45,1471,11,3,,,Aira,Kyushu-Japan,Japan,40.37.00,140.59.00,1117,Caldera,5,P,,3,,,,,,,,,3
46,1477,2,,,,Bardarbunga,Iceland-NE,Iceland,74.33.00,-25.36.00,2000,Caldera,6,,,,,,,,,1,,,1
47,1485,1,,,,Asosan,Kyushu-Japan,Japan,46.45.00,132.25.00,1592,Caldera,2,,1,1,,,,,,,,,1
48,1500,,,,,Katla,Iceland-S,Iceland,73.33.00,-20.23.00,1490,Caldera,4,,,,,,,,,1,,,1
49,1510,7,25,,,Hekla,Iceland-S,Iceland,79.23.00,-30.06.00,1490,Caldera,4,T,1,1,,,,,,,,,1
50,1536,3,26,,,Etna,Italy,Italy,49.28.00,30.39.00,3357,Caldera,3,T,1,1,,,,,,,,,1
51,1538,9,29,,,Campi Flegrei,Italy,Italy,53.47.00,16.19,458,Caldera,3,T,24,1,,,,,,,,,1
52,1541,9,11,,,Agua,Guatemala,Guatemala,21.45,-102.23.00,3760,Cinder cone,,m,1300,4,,,,,,,,,4
53,1550,11,,,,Dukono,Halmahera-Indonesia,Indonesia,12.39,141.38.00,1273,Cinder cone,3,,,1,,,,,,,,,1
54,1550,,,5863,,Kie Besi,Halmahera-Indonesia,Indonesia,0.32,127.4,1357,Complex volcano,3,,,,,,,,,1,,,1
55,1564,12,31,,,Gamkonora,Halmahera-Indonesia,Indonesia,1.38,127.53.00,1635,Complex volcano,3,,,1,,,,,,,,,1
56,1565,8,,,9788,Pacaya,Guatemala,Guatemala,20.22,-100.01.00,2569,Complex volcano,3,,,,,,,,,1,,,1
57,1566,10,31,,,Kirishimayama,Kyushu-Japan,Japan,46.34.00,144.22.00,1700,Complex volcano,3,,,3,,,,,,,,,3
58,1568,,,,,Savo,Solomon Is-SW Pacifi,Solomon Is.,-9.13.00,160.22.00,485,Complex volcano,3,"P,T,M",1001,4,,,,,,,,,4
59,1570,,,,,Mombacho,Nicaragua,Nicaragua,24.46.00,-101.08.00,1344,Complex volcano,,A,400,3,,,,,,,,,3
60,1572,,,,,Taal,Luzon-Philippines,Philippines,14.11,136.38.00,311,Complex volcano,3,L,,,,,,,,2,,,2
61,1576,,,,,Colima,Mexico,Mexico,27.34.00,-104.02.00,3850,Complex volcano,3,,,1,,,,,,,,,1
62,1580,5,1,,,Sao Jorge,Azores,Portugal,39.05.00,-28.08.00,1053,Complex volcano,3,P,10,1,,,,,,,,,1
63,1581,12,26,,,Fuego,Guatemala,Guatemala,21.53,-91.28.00,3763,Complex volcano,4,,,,,,,,,1,,,1
64,1586,,,,,Kelud,Java,Indonesia,-22.35.00,117.14.00,1730,Complex volcano,5,,10000,4,,,,,,,,,4
65,1587,,,,,Merapi,Java,Indonesia,-7.54.00,117.26.00,2910,Complex volcano,4,,,1,,,,,,,,,1
66,1590,1,15,,,Colima,Mexico,Mexico,27.34.00,-104.02.00,3850,Complex volcano,3,I,,3,,,,,,,,,3
67,1593,,,,,Raung,Java,Indonesia,-9.59.00,114.56.00,3260,Complex volcano,5,,,3,,,,,,,,,3
68,1595,3,12,,,"Ruiz, Nevado del",Colombia,Colombia,18.52,-80.24.00,5279,Complex volcano,4,M,636,3,,,,,,,,,3
69,1596,5,1,,,Asamayama,Honshu-Japan,Japan,42.46.00,146.43.00,2568,Complex volcano,2,T,,3,,,,,,,,,3
70,1597,1,3,,,Hekla,Iceland-S,Iceland,79.23.00,-30.06.00,1490,Complex volcano,4,,,,,,,,,1,,,1
71,1597,,,,,Raung,Java,Indonesia,-9.59.00,114.56.00,3260,Complex volcano,3,T,,1,,,,,,,,,1
72,1598,5,13,,,Asamayama,Honshu-Japan,Japan,42.46.00,146.43.00,2568,Complex volcano,2,T,800,3,,,,,,,,,3
73,1598,,,,,Banda Api,Banda Sea,Pacific Ocean,-12.43.00,143.41.00,596,Complex volcano,3,,,1,,,,,,,,,1
74,1600,2,19,,814,Huaynaputina,Peru,Peru,-26.14.00,-84.14.00,4679,Complex volcano,6,,1500,4,,,,,,,,,4
75,1608,7,18,222,,Gamalama,Halmahera-Indonesia,Indonesia,1.21,132.32.00,1714,Complex volcano,3,,,,,,,,,1,,,1
76,1609,,,,,Tengchong,China-S,China,25.23.00,98.5,2865,Complex volcano,,E,,1,,,,,,,,,1
77,1615,3,,,,Banda Api,Banda Sea,Pacific Ocean,-12.43.00,143.41.00,596,Complex volcano,3,,,,,,,,,2,,2,4
78,1629,,,,,Grimsvotn,Iceland-NE,Iceland,70.56.00,-22.16.00,1719,Complex volcano,2,F,4,1,,,,,,,,,1
79,1630,9,3,,,Furnas,Azores,Portugal,38.17.00,-25.32.00,805,Complex volcano,4,"M,T",200,3,,,,,,,,,3
80,1631,2,14,,920,Dama Ali,Africa-NE,Ethiopia,11.28,42.03.00,1068,Complex volcano,,S,50,1,,,,,,2,,,3
81,1631,12,16,3129,9756,Vesuvius,Italy,Italy,53.41.00,21.06,1281,Complex volcano,5,"P,E,M",4000,4,,,,,,4,,4,12
82,1636,5,15,,,Hekla,Iceland-S,Iceland,79.23.00,-30.06.00,1490,Complex volcano,3,,,,,,,,,1,,,1
83,1638,,,,,Raung,Java,Indonesia,-9.59.00,114.56.00,3260,Complex volcano,4,M,1001,4,,,,,,,,,4
84,1640,,,,,Tungurahua,Ecuador,Ecuador,-8.47.00,-85.22.00,5023,Complex volcano,3,P,5000,4,,,,,,,,4,8
85,1646,7,19,5754,10519,Kie Besi,Halmahera-Indonesia,Indonesia,0.32,127.4,1357,Complex volcano,4,P,,3,,,,,,,,,3
86,1650,9,26,269,,Santorini,Greece,Greece,42.44.00,31.36.00,367,Complex volcano,4,"G,W,T",120,3,,,,,,1,,,4
87,1660,2,,,,Teon,Banda Sea,Pacific Ocean,-22.16.00,131.24.00,728,Complex volcano,4,"G,T",3,1,,,,,,,,,1
88,1660,10,27,,1017,Guagua Pichincha,Ecuador,Ecuador,-2.51.00,-87.58.00,4784,Complex volcano,4,P,,,,,,,,2,,,2
89,1660,11,3,,,Katla,Iceland-S,Iceland,73.33.00,-20.23.00,1490,Complex volcano,4,,,,,,,,,1,,,1
90,1660,,,5482,,Long Island,New Guinea-NE of,Papua New Guinea,-10.58.00,147.12.00,1280,Complex volcano,6,"T,P,W,I",2000,4,,,,,,3,,3,10
91,1663,8,16,,,Toya,Hokkaido-Japan,Japan,51.04.00,153.59.00,733,Complex volcano,5,"T,P",5,1,,,,,,,,,1
92,1664,4,15,,,Unzendake,Kyushu-Japan,Japan,44.41.00,134.59.00,1483,Complex volcano,2,m,30,1,,,,,,,,,1
93,1664,,,293,,Io-Torishima,Ryukyu Is,Japan,41.41.00,131.43.00,212,Complex volcano,,A,,1,,,,,,,,,1
94,1669,3,11,,1057,Etna,Italy,Italy,49.28.00,30.39.00,3357,Complex volcano,3,,,3,,,,,,,,,3
95,1669,3,19,,,Etna,Italy,Italy,49.28.00,30.39.00,3357,Complex volcano,3,L,2,1,,,5,1,,,,,2
96,1670,,,,,Ambae,Vanuatu-SW Pacific,Vanuatu,-21.29.00,180.55.00,1496,Complex volcano,2,L,,3,,,,,,,,,3
97,1672,4,24,,,Fayal,Azores,Portugal,47.36.00,-39.53.00,1041,Complex volcano,2,,3,1,,,,,,,,,1
98,1672,8,4,,,Merapi,Java,Indonesia,-7.54.00,117.26.00,2910,Complex volcano,3,P,3000,4,,,,,,,,,4
99,1673,5,20,312,,Gamkonora,Halmahera-Indonesia,Indonesia,1.38,127.53.00,1635,Complex volcano,5,W,,,,,,,,1,,1,2
100,1677,11,22,,,La Palma,Canary Is,Spain,28.57.00,-18.23.00,2426,Complex volcano,2,G,1,1,,,,,,,,,1
101,1682,8,12,,,Vesuvius,Italy,Italy,53.41.00,21.06,1281,Complex volcano,3,,4,1,,,,,,,,,1
102,1684,12,,,,Grimsvotn,Iceland-NE,Iceland,70.56.00,-22.16.00,1719,Complex volcano,2,F,1,1,,,,,,,,,1
103,1690,,,,,Guntur,Java,Indonesia,-9.23.00,121.01.00,2251,Complex volcano,3,,,1,,,,,,,,,1
104,1692,6,4,,,Serua,Banda Sea,Pacific Ocean,-11.12.00,130.17.00,608,Complex volcano,4,L,,2,,,,,,,,,2
105,1694,11,20,,,Banda Api,Banda Sea,Pacific Ocean,-12.43.00,143.41.00,596,Complex volcano,3,,,2,,,,,,,,,2
106,1698,,,,,Ciremai,Java,Indonesia,-20.55.00,114.48.00,3039,Complex volcano,3,,,1,,,,,,,,,1
107,1698,,,,,Cotopaxi,Ecuador,Ecuador,-11.17.00,-85.16.00,5911,Complex volcano,3,M,,2,,,,,,,,,2
108,1706,5,5,375,,Tenerife,Canary Is,Spain,32.31.00,-26.41.00,3715,Complex volcano,2,,,,,,,,,3,,,3
109,1707,12,16,,1178,Fujisan,Honshu-Japan,Japan,41.01.00,150.08.00,3776,Complex volcano,4,,,1,,,,,,1,75,1,3
110,1711,12,11,,,Awu,Sangihe Is-Indonesia,Indonesia,14.29,132.27.00,1318,Complex volcano,3,P,3000,4,,,,,,,,,4
111,1712,1,15,,,Bardarbunga,Iceland-NE,Iceland,74.33.00,-25.36.00,2000,Complex volcano,2,,,,,,,,,1,,,1
112,1716,7,20,,,Kelud,Java,Indonesia,-22.35.00,117.14.00,1730,Complex volcano,2,M,,1,,,,,,,,,1
113,1716,9,24,387,1205,Taal,Luzon-Philippines,Philippines,14.11,136.38.00,311,Complex volcano,4,,,1,,,,,,,,,1
114,1716,10,5,,,Bardarbunga,Iceland-NE,Iceland,74.33.00,-25.36.00,2000,Complex volcano,2,,,,,,,,,1,,,1
115,1716,11,9,,,Kirishimayama,Kyushu-Japan,Japan,46.34.00,144.22.00,1700,Complex volcano,3,,1,1,,,31,1,,,,,2
116,1717,2,7,,,Kirishimayama,Kyushu-Japan,Japan,46.34.00,144.22.00,1700,Complex volcano,3,,1,1,,,30,1,,,,,2
117,1717,8,4,,,Bardarbunga,Iceland-NE,Iceland,74.33.00,-25.36.00,2000,Complex volcano,3,,,,,,,,,1,,,1
118,1717,8,27,6032,10893,Fuego,Guatemala,Guatemala,21.53,-91.28.00,3763,Complex volcano,4,S,,,,,,,,1,,,1
119,1718,2,1,,,Pico,Azores,Portugal,38.47.00,-28.4,2351,Complex volcano,2,,2,1,,,,,,,,,1
120,1721,5,11,,,Katla,Iceland-S,Iceland,73.33.00,-20.23.00,1490,Complex volcano,5,,,,,,,,,1,,,1
121,1721,6,22,,,Asamayama,Honshu-Japan,Japan,42.46.00,146.43.00,2568,Complex volcano,1,T,15,1,,,,,,,,,1
122,1726,2,1,,,Bardarbunga,Iceland-NE,Iceland,74.33.00,-25.36.00,2000,Complex volcano,1,,,,,,,,,1,,,1
123,1727,8,3,,,Oraefajokull,Iceland-SE,Iceland,64,-17.05.00,2010,Complex volcano,4,F,3,1,,,,,,,,,1
124,1729,2,1,,,Bardarbunga,Iceland-NE,Iceland,74.33.00,-25.36.00,2000,Complex volcano,1,,,,,,,,,1,,,1
125,1729,6,30,,,Krafla,Iceland-NE,Iceland,76.55.00,-28.08.00,800,Complex volcano,2,,,,,,,,,1,,,1
126,1730,9,1,,,Lanzarote,Canary Is,Spain,29.03.00,-14.03.00,670,Complex volcano,2,,,1,,,,,,,,,1
127,1730,,,,,Raung,Java,Indonesia,-9.59.00,114.56.00,3260,Complex volcano,3,"M,T",,3,,,,,,,,,3
128,1730,,,,,Tseax River Cone,Canada,Canada,56.51.00,-142.59.00,612,Complex volcano,,G,,1,,,,,,,,,1
129,1737,5,20,,,Vesuvius,Italy,Italy,53.41.00,21.06,1281,Complex volcano,3,T,2,1,,,,,,2,,,3
130,1742,6,15,,,Cotopaxi,Ecuador,Ecuador,-11.17.00,-85.16.00,5911,Complex volcano,3,M,,3,,,,,,3,,,6
131,1742,12,9,,,Cotopaxi,Ecuador,Ecuador,-11.17.00,-85.16.00,5911,Complex volcano,3,M,,3,,,,,,3,,,6
132,1749,8,11,431,1304,Taal,Luzon-Philippines,Philippines,14.11,136.38.00,311,Complex volcano,3,,,1,,,,,,1,,,2
133,1753,10,15,,,Grimsvotn,Iceland-NE,Iceland,70.56.00,-22.16.00,1719,Complex volcano,2,,,,,,,,,1,,,1
134,1754,11,28,2853,1328,Taal,Luzon-Philippines,Philippines,14.11,136.38.00,311,Complex volcano,4,"W,T",,1,,,,,,4,,4,9
135,1755,10,17,,,Katla,Iceland-S,Iceland,73.33.00,-20.23.00,1490,Complex volcano,4,E,2,1,,,,,,,,,1
136,1760,,,,,Kie Besi,Halmahera-Indonesia,Indonesia,0.32,127.4,1357,Compound volcano,4,M,2000,4,,,,,,,,,4
137,1762,,,,,Klyuchevskoy,Kamchatka,Russia,56.56.00,170.42.00,4754,Crater rows,2,,,1,,,,,,,,,1
138,1766,4,5,,,Hekla,Iceland-S,Iceland,79.23.00,-30.06.00,1490,Crater rows,4,,,,,,,,,1,,,1
139,1766,7,20,,,Mayon,Luzon-Philippines,Philippines,17.17,134.25.00,2462,Fissure vent,3,m,49,1,,,,,,,,,1
140,1768,4,4,,,Cotopaxi,Ecuador,Ecuador,-11.17.00,-85.16.00,5911,Fissure vent,4,M,,3,,,,,,3,,,6
141,1772,5,9,504,,Gamalama,Halmahera-Indonesia,Indonesia,1.21,132.32.00,1714,Fissure vent,3,T,35,1,,,,,,,,,1
142,1772,8,12,,,Papandayan,Java,Indonesia,-7.32.00,108.13.00,2665,Lava cone,3,A,2957,4,,,,,,,,3,7
143,1773,2,2,,,Gamalama,Halmahera-Indonesia,Indonesia,1.21,132.32.00,1714,Lava cone,2,I,,2,,,,,,,,,2
144,1775,,,,,Gamalama,Halmahera-Indonesia,Indonesia,1.21,132.32.00,1714,Lava dome,3,"P,I",1300,4,,,,,,,,,4
145,1775,,,,,Lokon-Empung,Sulawesi-Indonesia,Indonesia,6.58,137.12.00,1580,Lava dome,3,,,1,,,,,,,,,1
146,1778,,,,,Raikoke,Kuril Is,Russia,52.52.00,153.25.00,551,Lava dome,4,T,15,1,,,,,,,,,1
147,1779,8,8,,,Vesuvius,Italy,Italy,53.41.00,21.06,1281,Lava dome,3,,,1,,,,,,,,,1
148,1779,11,8,,,Aira,Kyushu-Japan,Japan,40.37.00,140.59.00,1117,Lava dome,4,"T,W,I",153,3,,,,,,,,,3
149,1780,2,9,,,Aira,Kyushu-Japan,Japan,40.37.00,140.59.00,1117,Lava dome,4,F,,3,,,,,,,,,3
150,1780,7,27,,,Aogashima,Izu Is-Japan,Japan,39.38.00,151.39.00,423,Lava dome,3,,7,1,,,,,,,,1,2
151,1781,4,11,529,,Aira,Kyushu-Japan,Japan,40.37.00,140.59.00,1117,Maar,4,W,23,1,,,,,,,,,1
152,1783,4,10,,,Aogashima,Izu Is-Japan,Japan,39.38.00,151.39.00,423,Maar,3,T,7,1,,,,,,,61,2,3
153,1783,8,5,,,Asamayama,Honshu-Japan,Japan,42.46.00,146.43.00,2568,Pumice cone,4,"F,P,I",1491,4,,,,,,,,,4
154,1784,7,,,,Coropuna,Peru,Peru,-15.52.00,-73.05.00,6377,Pyroclastic cone,,,,,,,,,,1,,,1
155,1784,,,,,Hualalai,Hawaiian Is,United States,30.32.00,-156.27.00,2523,Pyroclastic cone,0,L,,1,,,,,,,,,1
156,1785,4,18,,,Aogashima,Izu Is-Japan,Japan,39.38.00,151.39.00,423,Pyroclastic cone,3,,135,3,,,,,,,,,3
157,1786,,,,,Dieng Volcanic Complex,Java,Indonesia,-7.2,123.39.00,2565,Pyroclastic shield,2,A,38,1,,,,,,,,2,3
158,1789,,,,,Izu-Oshima,Izu Is-Japan,Japan,46.04.00,145.34.00,746,Pyroclastic shield,2,T,,1,,,,,,,,,1
159,1790,11,,,,Kilauea,Hawaiian Is,United States,26.01.00,-159.47.00,1222,Pyroclastic shield,4,P,5405,4,,,,,,,,,4
160,1792,5,21,568,1515,Unzendake,Kyushu-Japan,Japan,44.41.00,134.59.00,1483,Pyroclastic shield,2,"W,A",,1,,,,,,,,,1
161,1794,6,15,,,Vesuvius,Italy,Italy,53.41.00,21.06,1281,Pyroclastic shield,3,"M,L,T,G",400,3,,,,,,3,,,6
162,1800,10,8,,,Guntur,Java,Indonesia,-9.23.00,121.01.00,2251,Pyroclastic shield,,M,,3,,,,,,,,,3
163,1800,10,30,,,Mayon,Luzon-Philippines,Philippines,17.17,134.25.00,2462,Pyroclastic shield,2,,,1,,,,,,,,,1
164,1800,,,,,Kyejo,Africa-E,Tanzania,-12.49.00,46.12.00,2176,Pyroclastic shield,2,L,,3,,,,,,3,,,6
165,1800,,,,,St. Helens,US-Washington,United States,46.2,-122.18.00,2549,Pyroclastic shield,5,I,,3,,,,,,,,,3
166,1800,,,,,Hualalai,Hawaiian Is,United States,30.32.00,-156.27.00,2523,Shield volcano,0,L,2,1,,,,,,,,,1
167,1801,8,14,,,Chokaisan,Honshu-Japan,Japan,40.39.00,140.49.00,2236,Shield volcano,2,T,8,1,,,,,,,,,1
168,1803,7,4,,,Asamayama,Honshu-Japan,Japan,42.46.00,146.43.00,2568,Shield volcano,2,,,1,,,,,,,,,1
169,1803,11,7,,,Asamayama,Honshu-Japan,Japan,42.46.00,146.43.00,2568,Shield volcano,2,T,,1,,,,,,,,,1
170,1804,,,,,Shikotsu,Hokkaido-Japan,Japan,53.28.00,141.38.00,1320,Shield volcano,3,,,3,,,,,,,,,3
171,1805,8,11,,,Vesuvius,Italy,Italy,53.41.00,21.06,1281,Shield volcano,2,,4,1,,,,,,,,,1
172,1808,5,1,,,Sao Jorge,Azores,Portugal,39.05.00,-28.08.00,1053,Shield volcano,1,L,9,1,,,,,,,,,1
173,1812,4,27,,,Soufriere St. Vincent,W Indies,St. Vincent & the Grenadines,13.33,-61.18.00,1220,Shield volcano,4,"T, m",56,2,,,,,,1,,1,4
174,1812,8,6,,,Awu,Sangihe Is-Indonesia,Indonesia,14.29,132.27.00,1318,Shield volcano,3,"P,M",953,3,,,,,,,,,3
175,1814,2,1,,,Mayon,Luzon-Philippines,Philippines,17.17,134.25.00,2462,Shield volcano,4,"P,M,E",1200,4,,,,,,3,,3,10
176,1815,4,10,613,,Tambora,Lesser Sunda Is,Indonesia,-8.25.00,118,2850,Shield volcano,7,"P,W,A,I",11000,4,,,,4,,4,,4,16
177,1816,7,5,,,Asosan,Kyushu-Japan,Japan,46.45.00,132.25.00,1592,Shield volcano,2,T,1,1,,,,,,,,,1
178,1817,1,24,,,Ijen,Java,Indonesia,-8.58.00,118.02.00,2769,Shield volcano,2,M,,2,,,,,,,90,2,4
179,1817,,,,,Raung,Java,Indonesia,-9.59.00,114.56.00,3260,Shield volcano,4,,,1,,,,,,,,,1
180,1818,2,5,,,Colima,Mexico,Mexico,27.34.00,-104.02.00,3850,Shield volcano,4,,,1,,,,,,,,,1
181,1820,6,11,,,Banda Api,Banda Sea,Pacific Ocean,-12.43.00,143.41.00,596,Shield volcano,2,,,1,,,,,,,,,1
182,1822,3,9,,,Toya,Hokkaido-Japan,Japan,51.04.00,153.59.00,733,Shield volcano,4,P,50,1,,,53,2,,,,2,5
183,1822,10,8,,,Galunggung,Java,Indonesia,-7.25.00,108.58.00,2168,Shield volcano,5,"P,M",4011,4,,,,,,3,,3,10
184,1822,12,27,,,Merapi,Java,Indonesia,-7.54.00,117.26.00,2910,Shield volcano,3,,100,2,,,,2,,3,,3,10
185,1823,2,,,,Kilauea,Hawaiian Is,United States,26.01.00,-159.47.00,1222,Shield volcano,0,L,,1,,,,,,,,,1
186,1825,,,,,Balbi,Bougainville-SW Paci,Papua New Guinea,-20.16.00,155.01.00,2715,Shield volcano,,P,,3,,,,,,,,,3
187,1826,10,11,,,Dieng Volcanic Complex,Java,Indonesia,-7.2,123.39.00,2565,Shield volcano,2,,,2,,,,,,,,,2
188,1826,10,13,,,Kelud,Java,Indonesia,-22.35.00,117.14.00,1730,Shield volcano,4,M,,1,,,65,2,,3,,3,9
189,1826,10,,,,Asosan,Kyushu-Japan,Japan,46.45.00,132.25.00,1592,Shield volcano,2,T,,3,,,,,,,,,3
190,1829,,,,,Guntur,Java,Indonesia,-9.23.00,121.01.00,2251,Shield volcano,2,,,3,,,,,,,,,3
191,1832,11,1,,,Etna,Italy,Italy,49.28.00,30.39.00,3357,Shield volcano,2,L,,2,,,,,,,,,2
192,1832,12,25,,,Merapi,Java,Indonesia,-7.54.00,117.26.00,2910,Shield volcano,2,,32,1,,,,,,,,2,3
193,1833,11,24,,,Kaba,Sumatra,Indonesia,-11.42.00,112.15.00,1940,Shield volcano,2,M,126,3,,,,,,,,,3
194,1835,1,20,,,Cosiguina,Nicaragua,Nicaragua,13.38,-87.57.00,872,Shield volcano,5,"G,I",,1,,,,,,,,,1
195,1835,11,1,,1787,Banda Api,Banda Sea,Pacific Ocean,-12.43.00,143.41.00,596,Shield volcano,,,,3,,,,,,2,,2,7
196,1838,2,26,,,Gamalama,Halmahera-Indonesia,Indonesia,1.21,132.32.00,1714,Shield volcano,2,T,4,1,,,,,,,,,1
197,1840,2,2,718,,Gamalama,Halmahera-Indonesia,Indonesia,1.21,132.32.00,1714,Shield volcano,3,,,,,,,,,1,,,1
198,1840,5,30,714,,Kilauea,Hawaiian Is,United States,26.01.00,-159.47.00,1222,Shield volcano,0,,,,,,,,,1,,,1
199,1840,7,2,,,Ararat,Turkey,Turkey,39.7,44.3,5165,Shield volcano,3,P,1900,4,,,,,,,,,4
200,1840,,,,,Savo,Solomon Is-SW Pacifi,Solomon Is.,-9.13.00,160.22.00,485,Shield volcano,3,P,100,3,,,,,,,,,3
201,1840,,,,,Tinakula,Santa Cruz Is-SW Pac,Solomon Is.,-16.26.00,178.24.00,796,Shield volcano,3,P,,3,,,,,,,,,3
202,1841,4,,,,Kuchinoerabujima,Ryukyu Is,Japan,37.23.00,133.37.00,657,Shield volcano,2,T,,,,,,,,2,,2,4
203,1843,8,,,,Lamongan,Java,Indonesia,-23.21.00,118.41.00,1641,Shield volcano,2,,4,1,,,,,,,,,1
204,1843,11,25,,,Etna,Italy,Italy,49.28.00,30.39.00,3357,Shield volcano,2,L,59,2,,,,2,,,,,4
205,1845,2,19,,1867,"Ruiz, Nevado del",Colombia,Colombia,18.52,-80.24.00,5279,Shield volcano,3,M,1000,3,,,,,,,,,3
206,1845,9,2,,,Hekla,Iceland-S,Iceland,79.23.00,-30.06.00,1490,Shield volcano,4,,,,,,,,,1,,,1
207,1846,5,7,,,Taupo,New Zealand,New Zealand,-51.01.00,189.53.00,760,Shield volcano,,m,63,2,,,,,,,,,2
208,1846,5,27,,,Tangkuban Parahu,Java,Indonesia,-7.17.00,107.6,2084,Shield volcano,2,,,1,,,,,,,,,1
209,1846,11,18,,,Esan,Hokkaido-Japan,Japan,54.25.00,143.46.00,618,Shield volcano,1,M,,3,,,,,,,,,3
210,1847,4,9,,,Fogo,Cape Verde Is,Cape Verde,15.35,-24.35.00,2829,Shield volcano,2,S,,1,,,,,,,,,1
211,1847,12,4,,,Dieng Volcanic Complex,Java,Indonesia,-7.2,123.39.00,2565,Shield volcano,2,,,2,,,,,,,,,2
212,1848,5,16,,,Kelud,Java,Indonesia,-22.35.00,117.14.00,1730,Shield volcano,3,M,22,1,,,,,,,800,3,4
213,1850,,,,,Rabaul,New Britain-SW Pac,Papua New Guinea,-8.06.00,155.14.00,688,Shield volcano,2,T,,3,,,,,,,,,3
214,1853,6,24,,,Niuafo'ou,Tonga-SW Pacific,Tonga,-15.6,-176.03.00,260,Shield volcano,0,L,25,1,,,,,,,,,1
215,1853,7,13,,,Mayon,Luzon-Philippines,Philippines,17.17,134.25.00,2462,Shield volcano,3,P,34,1,,,,,,,,1,2
216,1854,2,18,,,Sheveluch,Kamchatka,Russia,66.53.00,161.36.00,3283,Shield volcano,5,,,,,,,,,1,,,1
217,1854,2,,,,Asosan,Kyushu-Japan,Japan,46.45.00,132.25.00,1592,Shield volcano,2,,3,1,,,,,,,,,1
218,1856,3,2,859,1995,Awu,Sangihe Is-Indonesia,Indonesia,14.29,132.27.00,1318,Stratovolcano,3,P,2806,4,,,,2,,3,,3,12
219,1856,9,25,,,Hokkaido-Komagatake,Hokkaido-Japan,Japan,43.03.00,151.17.00,1131,Stratovolcano,4,"P,T",25,1,,,,,,,,3,4
220,1858,1,,,,Mayon,Luzon-Philippines,Philippines,17.17,134.25.00,2462,Stratovolcano,2,P,,1,,,,,,,,,1
221,1858,4,23,,10184,Midagahara,Honshu-Japan,Japan,45.31.00,137.59.00,2621,Stratovolcano,,m,,3,,,,,,,,,3
222,1858,7,3,,,Midagahara,Honshu-Japan,Japan,45.31.00,137.59.00,2621,Stratovolcano,,m,,3,,,,,,,,,3
223,1860,4,,,,Semeru,Java,Indonesia,-9.48.00,127.22.00,3657,Stratovolcano,2,,,,,,,,,1,,,1
224,1860,8,18,,,Fuego,Guatemala,Guatemala,21.53,-91.28.00,3763,Stratovolcano,2,,,,,,,,,1,,,1
225,1860,,,,,Grimsvotn,Iceland-NE,Iceland,70.56.00,-22.16.00,1719,Stratovolcano,,m,1,1,,,,,,,,,1
226,1861,5,7,,2049,Dubbi,Africa-NE,Eritrea,22.39,54.29.00,1625,Stratovolcano,3,P,106,3,,,,,,3,,3,9
227,1861,5,,,,Grimsvotn,Iceland-NE,Iceland,70.56.00,-22.16.00,1719,Stratovolcano,2,,,,,,,,,1,,,1
228,1861,12,29,,,Kie Besi,Halmahera-Indonesia,Indonesia,0.32,127.4,1357,Stratovolcano,4,"P,I",326,3,,,47,1,,,,3,7
229,1863,8,17,929,6150,Yasur,Vanuatu-SW Pacific,Vanuatu,-27.52.00,176.27.00,361,Stratovolcano,,,,3,,,,,,,,,3
230,1864,1,4,,,Kelud,Java,Indonesia,-22.35.00,117.14.00,1730,Stratovolcano,2,M,54,2,,,,,,,,3,5
231,1866,2,20,,,Santorini,Greece,Greece,42.44.00,31.36.00,367,Stratovolcano,2,T,1,1,,,,1,,,,,2
232,1867,10,21,,,Zaozan [Zaosan],Honshu-Japan,Japan,40.24.00,140.44.00,1841,Stratovolcano,2,M,3,1,,,,,,,,,1
233,1868,4,3,971,2125,Mauna Loa,Hawaiian Is,United States,26.55.00,-165.08.00,4170,Stratovolcano,2,"W,M",,,,,,,,1,37,1,2
234,1869,7,7,,,Lewotobi,Lesser Sunda Is,Indonesia,-17.02.00,134.55.00,1703,Stratovolcano,2,,2,1,,,,,,,,,1
235,1869,8,,,,Lamongan,Java,Indonesia,-23.21.00,118.41.00,1641,Stratovolcano,2,"T,A",8,1,,,,,,,,,1
236,1870,8,,,,Ruang,Sangihe Is-Indonesia,Indonesia,2.3,125.37.00,725,Stratovolcano,2,,,1,,,,,,,40,1,2
237,1870,,,,,Iliwerung,Lesser Sunda Is,Indonesia,-16.52.00,132.33.00,583,Stratovolcano,3,,,1,,,,,,,,,1
238,1870,,,,,Ambae,Vanuatu-SW Pacific,Vanuatu,-21.29.00,180.55.00,1496,Stratovolcano,2,M,100,3,,,,,,3,,3,9
239,1871,3,3,1022,,Ruang,Sangihe Is-Indonesia,Indonesia,2.3,125.37.00,725,Stratovolcano,2,W,,,,,,,,1,,1,2
240,1871,4,30,1020,2179,Camiguin,Mindanao-Philippines,Philippines,12.23,135.13.00,1552,Stratovolcano,2,,,1,,,,,,3,,3,7
241,1871,8,7,,,Gamalama,Halmahera-Indonesia,Indonesia,1.21,132.32.00,1714,Stratovolcano,2,T,1,1,,,1,1,,,,,2
242,1871,12,8,,,Mayon,Luzon-Philippines,Philippines,17.17,134.25.00,2462,Stratovolcano,3,P,3,1,,,,,,,,,1
243,1872,4,15,,,Merapi,Java,Indonesia,-7.54.00,117.26.00,2910,Stratovolcano,4,T,30,1,,,,1,,,50,1,3
244,1872,4,17,,,Merapi,Java,Indonesia,-7.54.00,117.26.00,2910,Stratovolcano,4,P,170,3,,,,,,,,2,5
245,1872,4,24,,,Vesuvius,Italy,Italy,53.41.00,21.06,1281,Stratovolcano,3,"L,G",9,1,,,11,1,,,,,2
246,1872,11,3,,,Merapi,Java,Indonesia,-7.54.00,117.26.00,2910,Stratovolcano,4,"P,T",200,3,,,,,,3,,3,9
247,1872,12,,,,Asosan,Kyushu-Japan,Japan,46.45.00,132.25.00,1592,Stratovolcano,3,T,4,1,,,,,,,,,1
248,1872,,,,,Sinarka,Kuril Is,Russia,62.33.00,157.02.00,911,Stratovolcano,4,P,,3,,,,,,,,,3
249,1873,1,16,,,Ragang,Mindanao-Philippines,Philippines,18.31,132.27.00,2790,Stratovolcano,2,,,1,,,,,,,,,1
250,1873,,,,,Vesuvius,Italy,Italy,53.41.00,21.06,1281,Stratovolcano,,"G,T",9,1,,,,,,,,,1
251,1874,7,3,,,Miyakejima,Izu Is-Japan,Japan,35.34.00,147.46.00,775,Stratovolcano,3,T,1,1,,,,,,,45,1,2
252,1874,7,19,,,Taal,Luzon-Philippines,Philippines,14.11,136.38.00,311,Stratovolcano,2,,,1,,,,,,,,,1
253,1875,1,29,,,Kelud,Java,Indonesia,-22.35.00,117.14.00,1730,Stratovolcano,,m,,1,,,30,1,,2,,2,6
254,1875,3,29,,,Askja,Iceland-NE,Iceland,65.33.00,-29.03.00,1080,Stratovolcano,5,,,,,,,,,1,,,1
255,1875,,,,,Mayon,Luzon-Philippines,Philippines,17.17,134.25.00,2462,Stratovolcano,,m,1500,4,,,,,,,,,4
256,1877,6,25,,,Cotopaxi,Ecuador,Ecuador,-11.17.00,-85.16.00,5911,Stratovolcano,4,M,340,3,,,,,,,,,3
257,1878,2,4,1095,6195,Rabaul,New Britain-SW Pac,Papua New Guinea,-8.06.00,155.14.00,688,Stratovolcano,3,T,1,1,,,,,,,,,1
258,1883,3,,,,Karthala,Indian O-W,Comoros,-12.15.00,43.38.00,2361,Stratovolcano,2,L,,3,,,,,,3,,,6
259,1883,8,27,1142,,Krakatau,Indonesia,Indonesia,-7.41.00,112.03.00,285,Stratovolcano,6,"W,P,I",2000,4,,,,3,,3,,3,13
260,1883,10,6,1143,,Augustine,Alaska-SW,United States,65.03.00,-160.15.00,1218,Stratovolcano,4,,8,1,,,,,,,,,1
261,1883,12,,,,Bagana,Bougainville-SW Paci,Papua New Guinea,-8.17.00,158.16.00,1855,Stratovolcano,3,T,,2,,,,,,,,,2
262,1885,4,18,,,Semeru,Java,Indonesia,-9.48.00,127.22.00,3657,Stratovolcano,2,A,74,2,,,,,,,,,2
263,1885,5,25,,2347,Purace,Colombia,Colombia,2.32,-76.4,4650,Stratovolcano,3,,,2,,,,,,2,,2,6
264,1886,1,11,,,Tungurahua,Ecuador,Ecuador,-8.47.00,-85.22.00,5023,Stratovolcano,4,P,2,1,,,,,,,,,1
265,1886,6,10,5777,,Okataina,New Zealand,New Zealand,-40.37.00,184.27.00,1111,Stratovolcano,5,T,153,3,,,,,,,,,3
266,1886,8,31,,,Niuafo'ou,Tonga-SW Pacific,Tonga,-15.6,-176.03.00,260,Stratovolcano,4,,,1,,1,,,,,,,2
267,1887,3,9,,,Mayon,Luzon-Philippines,Philippines,17.17,134.25.00,2462,Stratovolcano,3,T,15,1,,,,,,1,,1,3
268,1888,7,15,,,Bandaisan,Honshu-Japan,Japan,47.01.00,141.12.00,1816,Stratovolcano,4,"A,P",461,3,,,70,2,,2,,2,9
269,1890,6,29,,,Kie Besi,Halmahera-Indonesia,Indonesia,0.32,127.4,1357,Stratovolcano,2,,,,,,,,,3,,3,6
270,1890,,,,,Victory,New Guinea,Papua New Guinea,-9.2,150.12.00,1832,Stratovolcano,2,P,,3,,,,,,,,,3
271,1892,5,21,,,Sorikmarapi,Sumatra,Indonesia,11.26,107.59.00,2145,Stratovolcano,2,M,180,3,,,,,,,,,3
272,1892,6,7,1197,,Awu,Sangihe Is-Indonesia,Indonesia,14.29,132.27.00,1318,Stratovolcano,3,"P,M",1532,4,,,,,,3,,3,10
273,1893,1,7,,,Calbuco,Chile-S,Chile,-41.33.00,-82.18.00,1974,Stratovolcano,4,,,,,,,,,1,,,1
274,1893,6,7,,,Azumayama,Honshu-Japan,Japan,49.15.00,144.04.00,1949,Stratovolcano,2,T,2,1,,,,,,,,,1
275,1894,10,,,,Ambrym,Vanuatu-SW Pacific,Vanuatu,-16.25.00,168.12.00,1334,Stratovolcano,3,"T,L",10,1,,,,,,,,,1
276,1895,5,22,,,Semeru,Java,Indonesia,-9.48.00,127.22.00,3657,Stratovolcano,2,M,80,2,,,,,,1,,,3
277,1895,6,17,,,Karkar,New Guinea-NE of,Papua New Guinea,-14.47.00,161.16.00,1839,Stratovolcano,2,"I,M",1,1,,,,,,,,,1
278,1895,10,16,,,Kirishimayama,Kyushu-Japan,Japan,46.34.00,144.22.00,1700,Stratovolcano,2,T,4,1,,,,,,,,,1
279,1895,,,,,Dakataua,New Britain-SW Pac,Papua New Guinea,-5.46.00,150.1,408,Stratovolcano,2,?,,1,,,,,,1,,,2
280,1896,3,15,,,Kirishimayama,Kyushu-Japan,Japan,46.34.00,144.22.00,1700,Stratovolcano,2,T,1,1,,,1,1,,,,,2
281,1897,5,23,,,Mayon,Luzon-Philippines,Philippines,17.17,134.25.00,2462,Stratovolcano,3,"P,T,M",350,3,,,,,,,,,3
282,1899,11,13,,,Dona Juana,Colombia,Colombia,1.5,-91.36.00,4137,Stratovolcano,4,P,55,2,,,,,,,,,2
283,1899,,,,,Manam,New Guinea-NE of,Papua New Guinea,-4.08.00,145.37.00,1807,Stratovolcano,2,,2,1,,,,,,,,,1
284,1900,1,22,,,Asamayama,Honshu-Japan,Japan,42.46.00,146.43.00,2568,Stratovolcano,2,,25,1,,,,,,,,,1
285,1900,2,16,,,Kirishimayama,Kyushu-Japan,Japan,46.34.00,144.22.00,1700,Stratovolcano,2,,2,1,,,3,1,,,,,2
286,1900,7,17,,,Adatarayama,Honshu-Japan,Japan,47.47.00,144.41.00,1728,Stratovolcano,2,T,72,2,,,10,1,,,,,3
287,1900,,,,,Bora-Bericha-Tullu Moye,Africa-NE,Ethiopia,11.31,40.21.00,2345,Stratovolcano,,,,,,,,,,1,,,1
288,1901,5,22,,,Kelud,Java,Indonesia,-22.35.00,117.14.00,1730,Stratovolcano,3,,,2,,,,,,,,,2
289,1902,5,5,2881,,Pelee,W Indies,Martinique,27.29.00,-63.46.00,1372,Stratovolcano,4,"W,M",23,1,,,,,,,,,1
290,1902,5,7,2873,,Soufriere St. Vincent,W Indies,St. Vincent & the Grenadines,13.33,-61.18.00,1220,Stratovolcano,4,P,1680,4,,,,3,,1,,,8
291,1902,5,8,1288,,Pelee,W Indies,Martinique,27.29.00,-63.46.00,1372,Stratovolcano,4,P,28000,4,,,,,,,,,4
292,1902,8,7,,,Izu-Torishima,Izu Is-Japan,Japan,38.04.00,145.03.00,394,Stratovolcano,3,,125,3,,,,,,,,,3
293,1902,8,30,1291,,Pelee,W Indies,Martinique,27.29.00,-63.46.00,1372,Stratovolcano,4,P,1500,4,,,,,,,,,4
294,1902,10,25,,,Santa Maria,Guatemala,Guatemala,26.37.00,-100.12.00,3745,Stratovolcano,6,"T,G",2500,4,,,,,,2,,2,8
295,1902,12,,,,Merapi,Java,Indonesia,-7.54.00,117.26.00,2910,Stratovolcano,2,P,16,1,,,45,1,,,,2,4
296,1903,8,30,,,Okataina,New Zealand,New Zealand,-40.37.00,184.27.00,1111,Stratovolcano,1,T,4,1,,,,,,,,,1
297,1903,,,,,Karthala,Indian O-W,Comoros,-12.15.00,43.38.00,2361,Stratovolcano,,G,17,1,,,,,,,,,1
298,1904,1,30,,,Merapi,Java,Indonesia,-7.54.00,117.26.00,2910,Stratovolcano,2,P,16,1,,,45,1,,,,,2
299,1904,2,25,,,Karthala,Indian O-W,Comoros,-12.15.00,43.38.00,2361,Stratovolcano,2,L,1,1,,,,,,1,,,2
300,1905,3,10,,,Vesuvius,Italy,Italy,53.41.00,21.06,1281,Stratovolcano,2,T,1,1,,,1,1,,,,,2
301,1905,8,4,1326,,Savaii,Samoa-SW Pacific,Samoa,-23.12.00,-180.45.00,1858,Stratovolcano,2,,,,,,,,,3,,3,6
302,1906,4,4,3413,,Vesuvius,Italy,Italy,53.41.00,21.06,1281,Stratovolcano,3,"T,L",350,3,,,300,3,,,,,6
303,1907,8,4,,,Alayta,Africa-NE,Ethiopia,26.48.00,49.33.00,1496,Stratovolcano,2,,,1,,,,,,,,,1
304,1907,9,28,,,Lewotobi,Lesser Sunda Is,Indonesia,-17.02.00,134.55.00,1703,Stratovolcano,2,,1,1,,,,1,,,,,2
305,1907,10,6,1363,,Savaii,Samoa-SW Pacific,Samoa,-23.12.00,-180.45.00,1858,Stratovolcano,,,,,,,,,,3,,3,6
306,1909,8,29,,,Semeru,Java,Indonesia,-9.48.00,127.22.00,3657,Stratovolcano,2,m,221,3,,,,,,1,,,4
307,1910,3,20,,,Taupo,New Zealand,New Zealand,-51.01.00,189.53.00,760,Stratovolcano,,m,1,1,,,,,,,,,1
308,1910,7,25,,,Toya,Hokkaido-Japan,Japan,51.04.00,153.59.00,733,Stratovolcano,2,M,1,1,,,,,,,,,1
309,1911,1,30,1392,8391,Taal,Luzon-Philippines,Philippines,14.11,136.38.00,311,Stratovolcano,3,"P,W",1335,4,,,199,3,,3,543,3,13
310,1911,5,8,,,Asamayama,Honshu-Japan,Japan,42.46.00,146.43.00,2568,Stratovolcano,2,T,1,1,,,2,1,,,60,2,4
311,1911,8,15,,,Asamayama,Honshu-Japan,Japan,42.46.00,146.43.00,2568,Stratovolcano,2,T,2,1,,,36,1,,,,,2
312,1911,11,8,,,Semeru,Java,Indonesia,-9.48.00,127.22.00,3657,Stratovolcano,3,,,,,,,,,1,,,1
313,1912,9,6,,,Novarupta,Alaska Peninsula,United States,62.26.00,-157.39.00,841,Stratovolcano,6,T,2,1,,,,,,,,,1
314,1912,12,3,,,Nyamulagira,Africa-C,"Congo, DRC",-7.48.00,29.2,3058,Stratovolcano,3,L,20,1,,,,,,,,,1
315,1913,1,20,,,Colima,Mexico,Mexico,27.34.00,-104.02.00,3850,Stratovolcano,4,"P,m",13,1,,,,,,,,,1
316,1913,5,29,,,Asamayama,Honshu-Japan,Japan,42.46.00,146.43.00,2568,Stratovolcano,1,T,1,1,,,1,1,,,,,2
317,1913,6,23,,,Semeru,Java,Indonesia,-9.48.00,127.22.00,3657,Stratovolcano,2,,,,,,,,,1,,,1
318,1913,12,6,,,Ambrym,Vanuatu-SW Pacific,Vanuatu,-16.25.00,168.12.00,1334,Stratovolcano,3,T,21,1,,,,,,3,,,4
319,1914,1,12,1412,2994,Aira,Kyushu-Japan,Japan,40.37.00,140.59.00,1117,Stratovolcano,4,"I,S,A,T",28,1,,,,3,0.04,1,2148,4,9
320,1914,9,10,,,Whakaari/White Island,New Zealand,New Zealand,-37.52.00,177.18.00,294,Stratovolcano,,A,11,1,,,,,,,,,1
321,1914,,,,,Witori,New Britain-SW Pac,Papua New Guinea,-14.35.00,158.36.00,724,Stratovolcano,3,I,,1,,,,,,,,,1
322,1914,,,,,Ambae,Vanuatu-SW Pacific,Vanuatu,-21.29.00,180.55.00,1496,Stratovolcano,,L,100,2,,,,,,,,,2
323,1917,1,1,,,"Lengai, Ol Doinyo",Africa-E,Tanzania,-14.44.00,50.14.00,2962,Stratovolcano,3,,,,,,,,,1,,,1
324,1917,4,1,,,Okataina,New Zealand,New Zealand,-40.37.00,184.27.00,1111,Stratovolcano,1,T,2,1,,,3,1,,,,,2
325,1917,6,7,,6877,San Salvador,El Salvador,El Salvador,25.14.00,-93.54.00,1893,Stratovolcano,3,"S,L",325,3,,,,,,,,,3
326,1918,10,12,1452,,Katla,Iceland-S,Iceland,73.33.00,-20.23.00,1490,Stratovolcano,4,,,,,,,,,1,,,1
327,1919,2,19,,,Popocatepetl,Mexico,Mexico,19.23,-108.22.00,5393,Stratovolcano,1,A,,2,,,,,,,,,2
328,1919,4,3,3511,,Banua Wuhu,Sangihe Is-Indonesia,Indonesia,5.18,133.11.00,-5,Stratovolcano,3,,,,,,,,,1,,1,2
329,1919,5,19,,,Kelud,Java,Indonesia,-22.35.00,117.14.00,1730,Stratovolcano,4,M,5110,4,,,,,,,9000,4,8
330,1919,5,22,1476,,Stromboli,Italy,Italy,51.09.00,18.33,924,Stratovolcano,3,T,4,1,,,,3,,1,10,1,6
331,1919,7,6,,,Nasudake,Honshu-Japan,Japan,39.05.00,155.03.00,1915,Stratovolcano,,G,2,1,,,,,,,,,1
332,1920,7,25,,,Merapi,Java,Indonesia,-7.54.00,117.26.00,2910,Stratovolcano,2,P,35,1,,,,,,,,,1
333,1920,10,29,,,Izalco,El Salvador,El Salvador,26.33.00,-99.33.00,1950,Stratovolcano,3,P,,1,,,,,,,,,1
334,1921,11,26,,,Nasudake,Honshu-Japan,Japan,39.05.00,155.03.00,1915,Stratovolcano,,G,1,1,,,,,,,,,1
335,1923,6,,,,Tangkuban Parahu,Java,Indonesia,-7.17.00,107.6,2084,Stratovolcano,,G,3,1,,,,,,,,,1
336,1923,7,1,,,Kirishimayama,Kyushu-Japan,Japan,46.34.00,144.22.00,1700,Stratovolcano,2,,1,1,,,,,,,,,1
337,1924,5,10,,,Kilauea,Hawaiian Is,United States,26.01.00,-159.47.00,1222,Stratovolcano,2,T,1,1,,,,,,,,,1
338,1924,12,18,,,Papandayan,Java,Indonesia,-7.32.00,108.13.00,2665,Stratovolcano,1,G,1,1,,,,,,,,,1
339,1926,1,23,,,Santorini,Greece,Greece,42.44.00,31.36.00,367,Stratovolcano,2,S,48,1,,,,,,,,,1
340,1926,5,24,,,Tokachidake,Hokkaido-Japan,Japan,49.58.00,153.26.00,2077,Stratovolcano,3,"M,T",144,3,,,207,3,,,5080,4,10
341,1926,9,8,,,Tokachidake,Hokkaido-Japan,Japan,49.58.00,153.26.00,2077,Stratovolcano,3,,,,2,1,,,,,,,1
342,1927,9,5,,,Esjufjoll,Iceland-SE,Iceland,64.25.00,-25.43.00,1620,Stratovolcano,1,M,1,1,,,,,,,,,1
343,1928,1,,,,Mayon,Luzon-Philippines,Philippines,17.17,134.25.00,2462,Stratovolcano,3,P,,1,,,,,,,,,1
344,1928,5,13,,,Dieng Volcanic Complex,Java,Indonesia,-7.2,123.39.00,2565,Stratovolcano,2,T,40,1,,,,,,,,,1
345,1928,8,4,1607,,Paluweh,Lesser Sunda Is,Indonesia,-8.32.00,132.48.00,875,Stratovolcano,3,"W,T",98,2,,,,,,1,,,3
346,1928,11,8,,,Etna,Italy,Italy,49.28.00,30.39.00,3357,Stratovolcano,1,L,5,1,,,,,,,,,1
347,1929,6,17,,,Hokkaido-Komagatake,Hokkaido-Japan,Japan,43.03.00,151.17.00,1131,Stratovolcano,4,T,2,1,,,4,1,,,1915,4,6
348,1929,8,2,,,Etna,Italy,Italy,49.28.00,30.39.00,3357,Stratovolcano,1,T,2,1,,,,,,,,,1
349,1929,11,2,,,Santa Maria,Guatemala,Guatemala,26.37.00,-100.12.00,3745,Stratovolcano,3,"P,M",200,3,,,,,,,,,3
350,1930,8,20,,,Asamayama,Honshu-Japan,Japan,42.46.00,146.43.00,2568,Stratovolcano,3,T,6,1,,,,,,,,,1
351,1930,9,11,4218,,Stromboli,Italy,Italy,51.09.00,18.33,924,Stratovolcano,3,"P,W,T",5,1,,,20,1,,2,,,4
352,1930,12,18,,,Merapi,Java,Indonesia,-7.54.00,117.26.00,2910,Stratovolcano,3,"P,M",1369,4,,,,,,3,1109,4,11
353,1931,8,20,,,Asamayama,Honshu-Japan,Japan,42.46.00,146.43.00,2568,Stratovolcano,3,,3,1,,,,,,,,,1
354,1932,1,21,,,Fuego,Guatemala,Guatemala,21.53,-91.28.00,3763,Stratovolcano,4,,,1,,,,,,,,,1
355,1932,2,,,,Merapi,Java,Indonesia,-7.54.00,117.26.00,2910,Stratovolcano,,m,,1,,,,,,,,,1
356,1932,10,1,,,Kusatsu-Shiranesan,Honshu-Japan,Japan,46.18.00,146.48.00,2165,Stratovolcano,3,M,2,1,,,7,1,,,,,2
357,1933,5,10,,,Hakoneyama,Honshu-Japan,Japan,38.53.00,139.21.00,1438,Stratovolcano,,G,1,1,,,,,,,,,1
358,1933,12,24,,,Kuchinoerabujima,Ryukyu Is,Japan,37.23.00,133.37.00,657,Stratovolcano,4,T,8,1,,,26,1,,,,,2
359,1934,,,,,Hood,US-Oregon,United States,51.14.00,-132.35.00,3426,Stratovolcano,,G,1,1,,,,,,,,,1
360,1936,7,29,,,Asamayama,Honshu-Japan,Japan,42.46.00,146.43.00,2568,Stratovolcano,3,"P,T",2,1,,,,,,,,,1
361,1936,8,14,,,Dona Juana,Colombia,Colombia,1.5,-91.36.00,4137,Stratovolcano,,"A,F",18,1,,,,,,,,,1
362,1937,2,9,,,Llaima,Chile-C,Chile,-49.32.00,-83.09.00,3125,Stratovolcano,2,F,3,1,,,,,,1,,,2
363,1937,5,29,1698,10010,Rabaul,New Britain-SW Pac,Papua New Guinea,-8.06.00,155.14.00,688,Stratovolcano,4,"P,T,W,I",507,3,,,,,,1,,1,5
364,1938,1,28,3638,,Nyamulagira,Africa-C,"Congo, DRC",-7.48.00,29.2,3058,Stratovolcano,1,,,,,,,,,1,,,1
365,1938,5,9,,,Bandaisan,Honshu-Japan,Japan,47.01.00,141.12.00,1816,Stratovolcano,,m,2,1,,,,,,,,,1
366,1938,6,5,,,Mayon,Luzon-Philippines,Philippines,17.17,134.25.00,2462,Stratovolcano,2,,,1,,,,,,,,,1
367,1938,7,16,,,Asamayama,Honshu-Japan,Japan,42.46.00,146.43.00,2568,Stratovolcano,1,T,,1,,,,,,,,,1
368,1939,8,17,,,Izu-Torishima,Izu Is-Japan,Japan,38.04.00,145.03.00,394,Stratovolcano,2,,2,1,,,,,,,,,1
369,1939,10,13,,,Dieng Volcanic Complex,Java,Indonesia,-7.2,123.39.00,2565,Stratovolcano,1,T,10,1,,,,,,1,,,2
370,1940,6,20,,,Karangetang,Sangihe Is-Indonesia,Indonesia,15.01,131.47.00,1797,Stratovolcano,2,,1,1,,,2,1,,,,,2
371,1940,7,12,,,Miyakejima,Izu Is-Japan,Japan,35.34.00,147.46.00,775,Stratovolcano,2,L,11,1,,,20,1,,,24,1,3
372,1940,7,24,,,"Lengai, Ol Doinyo",Africa-E,Tanzania,-14.44.00,50.14.00,2962,Stratovolcano,2,,,,,,,,,1,,,1
373,1941,7,13,,,Asamayama,Honshu-Japan,Japan,42.46.00,146.43.00,2568,Stratovolcano,2,T,1,1,,,1,1,,,,,2
374,1941,9,21,,,Semeru,Java,Indonesia,-9.48.00,127.22.00,3657,Stratovolcano,2,,,,,,,,,1,,,1
375,1943,2,20,,,Michoacan-Guanajuato,Mexico,Mexico,20.25,-102.15.00,3860,Stratovolcano,4,"E,I",3,1,,,,,,,,,1
376,1943,4,13,,,"Azul, Cerro",Galapagos,Ecuador,-1.32.00,-97.48.00,1640,Stratovolcano,3,T,1,1,,,,,,,,,1
377,1944,3,27,,,Vesuvius,Italy,Italy,53.41.00,21.06,1281,Stratovolcano,3,"T,L,I",27,1,,,,,,,,,1
378,1944,6,10,,,Cleveland,Aleutian Is,United States,65.45.00,-184.44.00,1730,Stratovolcano,3,T,1,1,,,,,,,,,1
379,1944,7,11,,,Toya,Hokkaido-Japan,Japan,51.04.00,153.59.00,733,Stratovolcano,,P,1,1,,,,,,,,,1
380,1944,8,26,,,Toya,Hokkaido-Japan,Japan,51.04.00,153.59.00,733,Stratovolcano,2,G,1,1,,,,,,,1,1,2
381,1944,12,4,,,Dieng Volcanic Complex,Java,Indonesia,-7.2,123.39.00,2565,Stratovolcano,2,T,117,3,,,250,3,,,,,6
382,1944,12,28,,,Toya,Hokkaido-Japan,Japan,51.04.00,153.59.00,733,Stratovolcano,2,T,1,1,,,,,,,,,1
383,1946,1,,,,Aira,Kyushu-Japan,Japan,40.37.00,140.59.00,1117,Stratovolcano,2,,1,1,,,,,,,,,1
384,1946,2,,,,Semeru,Java,Indonesia,-9.48.00,127.22.00,3657,Stratovolcano,2,F,6,1,,,,,,2,81,2,5
385,1946,10,29,,,Semeru,Java,Indonesia,-9.48.00,127.22.00,3657,Stratovolcano,2,,,,,,,,,1,,,1
386,1947,1,7,,,Mayon,Luzon-Philippines,Philippines,17.17,134.25.00,2462,Stratovolcano,2,,,1,,,,,,,,,1
387,1947,8,14,,,Asamayama,Honshu-Japan,Japan,42.46.00,146.43.00,2568,Stratovolcano,2,,11,1,,,,,,,,,1
388,1947,9,16,,,Akagisan,Honshu-Japan,Japan,36.56.00,142.13.00,1828,Stratovolcano,,m,699,3,,,,,,,,,3
389,1947,11,2,,,Hekla,Iceland-S,Iceland,79.23.00,-30.06.00,1490,Stratovolcano,4,L,1,1,,,,,,,,,1
390,1948,4,7,,,Iliwerung,Lesser Sunda Is,Indonesia,-16.52.00,132.33.00,583,Stratovolcano,2,,,,,,,,,2,,,2
391,1949,1,1,,,Villarrica,Chile-C,Chile,-39.42.00,-72.33.00,2847,Stratovolcano,3,M,54,2,,,,,,2,,,4
392,1949,5,26,,,Purace,Colombia,Colombia,2.32,-76.4,4650,Stratovolcano,2,T,17,1,,,,,,,,,1
393,1949,6,,,,Camiguin,Mindanao-Philippines,Philippines,12.23,135.13.00,1552,Stratovolcano,3,P,2,1,,,,,,,,,1
394,1950,8,28,,,Semeru,Java,Indonesia,-9.48.00,127.22.00,3657,Stratovolcano,1,P,6,1,,,,,,,,,1
395,1950,9,15,,,Camiguin,Mindanao-Philippines,Philippines,12.23,135.13.00,1552,Stratovolcano,3,P,68,2,,,,,,,,,2
396,1950,9,23,,,Asamayama,Honshu-Japan,Japan,42.46.00,146.43.00,2568,Stratovolcano,2,T,1,1,,,1,1,,,,1,3
397,1951,1,21,,,Lamington,New Guinea,Papua New Guinea,-9.35.00,148.15.00,1680,Stratovolcano,4,P,2942,4,,,,2,,,,,6
398,1951,8,31,,,Kelud,Java,Indonesia,-22.35.00,117.14.00,1730,Stratovolcano,4,,7,1,,,,,,,,,1
399,1951,11,5,,,Hakoneyama,Honshu-Japan,Japan,38.53.00,139.21.00,1438,Stratovolcano,,G,2,1,,,,,,,,,1
400,1951,12,4,,,Camiguin,Mindanao-Philippines,Philippines,12.23,135.13.00,1552,Stratovolcano,3,P,500,3,1500,4,,,,,,,7
401,1952,3,27,,,Hakoneyama,Honshu-Japan,Japan,38.53.00,139.21.00,1438,Stratovolcano,,G,1,1,,,,,,,,,1
402,1952,9,24,1826,,Myojinsho,Izu Is-Japan,Japan,45.48.00,154.18.00,11,Stratovolcano,2,P,31,1,,,,,,1,,,2
403,1952,,,,,Ambalatungan Group,Luzon-Philippines,Philippines,17.32,121.1,2329,Stratovolcano,1,,12,1,,,,,,,,,1
404,1953,4,27,,,Asosan,Kyushu-Japan,Japan,46.45.00,132.25.00,1592,Stratovolcano,2,T,6,1,,,,,,,,,1
405,1953,6,,,,Sirung,Lesser Sunda Is,Indonesia,-16.17.00,126.11.00,1347,Stratovolcano,0,,5,1,,,1,1,,,,,2
406,1953,7,26,,,Hakoneyama,Honshu-Japan,Japan,38.53.00,139.21.00,1438,Stratovolcano,,A,10,1,,,,,,,,,1
407,1953,10,5,,,Izu-Oshima,Izu Is-Japan,Japan,46.04.00,145.34.00,746,Stratovolcano,1,,1,1,,,,,,,,,1
408,1953,12,24,,,Ruapehu,New Zealand,New Zealand,-39.28.00,175.57.00,2797,Stratovolcano,,m,151,3,,,,,,,,,3
409,1954,1,18,,,Merapi,Java,Indonesia,-7.54.00,117.26.00,2910,Stratovolcano,2,P,64,2,,,57,2,,2,144,3,9
410,1954,7,21,,,Midagahara,Honshu-Japan,Japan,45.31.00,137.59.00,2621,Stratovolcano,,G,1,1,,,,,,,,,1
411,1954,8,3,,,Bam,New Guinea-NE of,Papua New Guinea,-13.13.00,157.38.00,685,Stratovolcano,2,I,,,,,,2,,,,,2
412,1954,,,,,Camiguin,Mindanao-Philippines,Philippines,12.23,135.13.00,1552,Stratovolcano,,m,2,1,,,,,,,,,1
413,1955,7,26,,,Carran-Los Venados,Chile-C,Chile,-40.35.00,-72.07.00,1114,Stratovolcano,4,G,2,1,,,,,,,,,1
414,1955,10,13,,,Aira,Kyushu-Japan,Japan,40.37.00,140.59.00,1117,Stratovolcano,3,,,1,,,,,,,,,1
415,1957,7,,,,Unzendake,Kyushu-Japan,Japan,44.41.00,134.59.00,1483,Stratovolcano,,m,13,1,,,,,,,,,1
416,1957,10,13,,,Izu-Oshima,Izu Is-Japan,Japan,46.04.00,145.34.00,746,Stratovolcano,2,T,1,1,,,53,2,,,,,3
417,1957,10,,,,Asosan,Kyushu-Japan,Japan,46.45.00,132.25.00,1592,Stratovolcano,2,T,12,1,,,,,,,,,1
418,1958,7,12,,,Mahawu,Sulawesi-Indonesia,Indonesia,6.52,138.25.00,1299,Stratovolcano,2,M,1,1,,,10,1,,,,,2
419,1958,7,21,,,Taisetsuzan,Hokkaido-Japan,Japan,54.04.00,156.14.00,2291,Stratovolcano,,G,2,1,,,,,,,,,1
420,1961,1,25,,,Calbuco,Chile-S,Chile,-41.33.00,-82.18.00,1974,Stratovolcano,3,,,,,,,,,1,,,1
421,1961,4,23,,,Midagahara,Honshu-Japan,Japan,45.31.00,137.59.00,2621,Stratovolcano,,G,1,1,,,,,,,,,1
422,1961,5,8,,,Merapi,Java,Indonesia,-7.54.00,117.26.00,2910,Stratovolcano,3,P,6,1,,,6,1,,2,,3,7
423,1961,6,18,,,Taisetsuzan,Hokkaido-Japan,Japan,54.04.00,156.14.00,2291,Stratovolcano,,G,2,1,,,,,,,,,1
424,1961,8,18,,,Asamayama,Honshu-Japan,Japan,42.46.00,146.43.00,2568,Stratovolcano,2,T,1,1,,,,,,,,,1
425,1962,6,29,,,Tokachidake,Hokkaido-Japan,Japan,49.58.00,153.26.00,2077,Stratovolcano,3,T,5,1,,,11,1,,,,,2
426,1962,10,,,,Merapi,Java,Indonesia,-7.54.00,117.26.00,2910,Stratovolcano,,m,2,1,,,5,1,,,,,2
427,1962,12,31,,,Gamalama,Halmahera-Indonesia,Indonesia,1.21,132.32.00,1714,Stratovolcano,2,,5,1,,,5,1,,,,,2
428,1963,3,17,,,Irazu,Costa Rica,Costa Rica,25.19.00,-97.12.00,3436,Stratovolcano,3,T,15,1,,,,,,,,,1
429,1963,3,18,1942,,Agung,Lesser Sunda Is,Indonesia,-13.43.00,123.28.00,2997,Stratovolcano,5,"P,T,M,A",1028,4,,3,624,3,,,,,10
430,1963,5,5,,,Semeru,Java,Indonesia,-9.48.00,127.22.00,3657,Stratovolcano,2,T,1,1,,,,,,,,,1
431,1963,5,16,,4292,Agung,Lesser Sunda Is,Indonesia,-13.43.00,123.28.00,2997,Stratovolcano,3,,120,2,,,,,,,,,2
432,1963,5,21,,,Villarrica,Chile-C,Chile,-39.42.00,-72.33.00,2847,Stratovolcano,2,M,,1,,,,,,,,,1
433,1963,9,5,,,Batur,Lesser Sunda Is,Indonesia,-8.24.00,121.18.00,1711,Stratovolcano,2,,2,1,,,,,,,,1,2
434,1963,9,28,,,Fuego,Guatemala,Guatemala,21.53,-91.28.00,3763,Stratovolcano,3,M,7,1,,,,,,,,,1
435,1963,12,10,,,Irazu,Costa Rica,Costa Rica,25.19.00,-97.12.00,3436,Stratovolcano,3,"M,T",40,1,,,,1,,2,400,3,7
436,1964,1,1,,,Paluweh,Lesser Sunda Is,Indonesia,-8.32.00,132.48.00,875,Stratovolcano,2,,1,1,,,3,1,,,,,2
437,1964,3,3,,,Villarrica,Chile-C,Chile,-39.42.00,-72.33.00,2847,Stratovolcano,2,M,25,1,,,,,,,,,1
438,1964,12,13,,,Dieng Volcanic Complex,Java,Indonesia,-7.2,123.39.00,2565,Stratovolcano,1,,114,3,,,,,,,,,3
439,1965,9,28,1977,,Taal,Luzon-Philippines,Philippines,14.11,136.38.00,311,Stratovolcano,4,"P,W",355,3,,,,,,1,,1,5
440,1966,4,26,,,Kelud,Java,Indonesia,-22.35.00,117.14.00,1730,Stratovolcano,4,"M,m,P",215,3,78,2,86,2,,,,,7
441,1966,8,12,,,Awu,Sangihe Is-Indonesia,Indonesia,14.29,132.27.00,1318,Stratovolcano,4,"P,M,I",39,1,,,1000,3,,,,2,6
442,1966,8,14,,,"Lengai, Ol Doinyo",Africa-E,Tanzania,-14.44.00,50.14.00,2962,Stratovolcano,4,,,,,,,,,1,,,1
443,1966,11,6,,,Rincon de la Vieja,Costa Rica,Costa Rica,11.23,-90.24.00,1916,Stratovolcano,3,"P,T,G",,,,,,,,1,,,1
444,1967,7,8,,,"Lengai, Ol Doinyo",Africa-E,Tanzania,-14.44.00,50.14.00,2962,Stratovolcano,3,,,,,,,,,1,,,1
445,1967,8,31,,,Semeru,Java,Indonesia,-9.48.00,127.22.00,3657,Stratovolcano,3,M,3,1,,,,,,1,,,2
446,1967,11,4,,,Midagahara,Honshu-Japan,Japan,45.31.00,137.59.00,2621,Stratovolcano,,G,2,1,,,,,,,,,1
447,1968,4,21,,,Mayon,Luzon-Philippines,Philippines,17.17,134.25.00,2462,Stratovolcano,3,"M,P",6,1,,,,,,,,,1
448,1968,7,29,,,Arenal,Costa Rica,Costa Rica,17.43,-95.43.00,1670,Stratovolcano,3,"P,T",80,2,,,,,,1,,,3
449,1969,1,7,,,Merapi,Java,Indonesia,-7.54.00,117.26.00,2910,Stratovolcano,2,P,3,1,,,,,,,,,1
450,1969,1,28,,,Iya,Lesser Sunda Is,Indonesia,-22.51.00,131.41.00,618,Stratovolcano,3,"T,m",2,1,,,10,1,,,287,3,5
451,1969,8,26,,,Naruko,Honshu-Japan,Japan,50.09.00,152.14.00,470,Stratovolcano,,G,1,1,,,,,,,,,1
452,1970,3,2,,,Campi Flegrei,Italy,Italy,53.47.00,16.19,458,Stratovolcano,,S,3,1,,,,,,1,,1,3
453,1970,5,5,,,Hekla,Iceland-S,Iceland,79.23.00,-30.06.00,1490,Stratovolcano,3,,,,,,,,,1,,,1
454,1971,8,12,,,"Hudson, Cerro",Chile-S,Chile,-45.9,-73.37.00,1905,Stratovolcano,3,M,5,1,,,,,,,,,1
455,1971,9,14,,,Fuego,Guatemala,Guatemala,21.53,-91.28.00,3763,Stratovolcano,3,"M,T",10,1,,,,,,,,,1
456,1971,10,28,,,La Palma,Canary Is,Spain,28.57.00,-18.23.00,2426,Stratovolcano,2,,,1,,,,,,1,,,2
457,1971,10,29,,,Villarrica,Chile-C,Chile,-39.42.00,-72.33.00,2847,Stratovolcano,2,M,15,1,,,,,,,,,1
458,1971,12,27,,,Kusatsu-Shiranesan,Honshu-Japan,Japan,46.18.00,146.48.00,2165,Stratovolcano,,G,6,1,,,,,,,,,1
459,1972,8,,,,"Fournaise, Piton de la",Indian O-W,Reunion,-25.04.00,66.48.00,2632,Stratovolcano,2,I,3,1,,,,,,,,,1
460,1972,10,2,,,Hakoneyama,Honshu-Japan,Japan,38.53.00,139.21.00,1438,Stratovolcano,,,2,1,,,,,,,,,1
461,1973,1,27,,,Vestmannaeyjar,Iceland-S,Iceland,69.56.00,-24.26.00,283,Stratovolcano,3,G,1,1,,,,,,,300,3,4
462,1973,1,,,,Paluweh,Lesser Sunda Is,Indonesia,-8.32.00,132.48.00,875,Stratovolcano,3,,,,,,,,,1,,1,2
463,1973,4,5,,,"Hudson, Cerro",Chile-S,Chile,-45.9,-73.37.00,1905,Stratovolcano,,M,2,1,,,,,,1,,1,3
464,1974,2,11,,,Karangetang,Sangihe Is-Indonesia,Indonesia,15.01,131.47.00,1797,Stratovolcano,3,A,4,1,,,,,,,,,1
465,1974,6,17,,,Aira,Kyushu-Japan,Japan,40.37.00,140.59.00,1117,Stratovolcano,3,M,3,1,,,,,,,,,1
466,1974,7,28,,,Niigata-Yakeyama,Honshu-Japan,Japan,51.21.00,138.36.00,2400,Stratovolcano,2,T,3,1,,,,,,,,,1
467,1974,8,9,,,Aira,Kyushu-Japan,Japan,40.37.00,140.59.00,1117,Stratovolcano,3,M,5,1,,,,,,,,,1
468,1974,10,10,,,Fuego,Guatemala,Guatemala,21.53,-91.28.00,3763,Stratovolcano,4,"T,M",,1,,,,,,2,,3,6
469,1974,10,22,,,Merapi,Java,Indonesia,-7.54.00,117.26.00,2910,Stratovolcano,2,M,9,1,,,,,,,6,1,2
470,1975,1,,,,Marapi,Sumatra,Indonesia,-0.38.00,107.54.00,2885,Stratovolcano,2,M,80,2,,,,,,3,,3,8
471,1975,6,17,,,Arenal,Costa Rica,Costa Rica,17.43,-95.43.00,1670,Stratovolcano,3,,2,1,,,,1,,,,,2
472,1976,8,3,,,Kusatsu-Shiranesan,Honshu-Japan,Japan,46.18.00,146.48.00,2165,Stratovolcano,,G,3,1,,,,,,,,,1
473,1976,8,12,,,Sangay,Ecuador,Ecuador,-2.05.00,-83.41.00,5286,Stratovolcano,3,T,2,1,,,4,1,,,,,2
474,1976,8,31,,,Semeru,Java,Indonesia,-9.48.00,127.22.00,3657,Stratovolcano,2,M,119,3,,,,,,,,,3
475,1976,9,15,,,Karangetang,Sangihe Is-Indonesia,Indonesia,15.01,131.47.00,1797,Stratovolcano,2,"P,L",1,1,,,1,1,,,24,1,3
476,1976,11,25,,,Merapi,Java,Indonesia,-7.54.00,117.26.00,2910,Stratovolcano,2,M,29,1,,,,,,,306,3,4
477,1977,1,10,,,Nyiragongo,Africa-C,"Congo, DRC",-1.52.00,29.25.00,3470,Stratovolcano,1,L,,2,,,,,,3,,,5
478,1977,4,5,,,Karthala,Indian O-W,Comoros,-12.15.00,43.38.00,2361,Stratovolcano,1,L,1,1,,,,,,1,293,3,5
479,1977,4,27,,,Krafla,Iceland-NE,Iceland,76.55.00,-28.08.00,800,Stratovolcano,1,,,,,,,,,1,,,1
480,1977,8,2,,,Klyuchevskoy,Kamchatka,Russia,56.56.00,170.42.00,4754,Stratovolcano,3,T,1,1,,,,,,,,,1
481,1977,8,7,,,Toya,Hokkaido-Japan,Japan,51.04.00,153.59.00,733,Stratovolcano,3,I,3,1,,,,,,,,,1
482,1978,7,29,,,Bulusan,Luzon-Philippines,Philippines,24.49.00,124.56.00,1535,Stratovolcano,2,,,,,,,,,1,,,1
483,1978,9,2,,,Santa Maria,Guatemala,Guatemala,26.37.00,-100.12.00,3745,Stratovolcano,3,M,1,1,,,,,,,,,1
484,1978,9,19,,,Semeru,Java,Indonesia,-9.48.00,127.22.00,3657,Stratovolcano,3,M,12,1,,,,,,,,,1
485,1978,10,24,,,Toya,Hokkaido-Japan,Japan,51.04.00,153.59.00,733,Stratovolcano,3,m,3,1,,,2,1,,,,,2
486,1978,,,,,Tangkuban Parahu,Java,Indonesia,-7.17.00,107.6,2084,Stratovolcano,,I,3,1,,,,,,,,,1
487,1978,,,,,Dieng Volcanic Complex,Java,Indonesia,-7.2,123.39.00,2565,Stratovolcano,,I,3,1,,,,,,,,,1
488,1979,2,20,,,Dieng Volcanic Complex,Java,Indonesia,-7.2,123.39.00,2565,Stratovolcano,1,G,149,3,,,,,,,,,3
489,1979,3,8,,,Karkar,New Guinea-NE of,Papua New Guinea,-14.47.00,161.16.00,1839,Stratovolcano,2,P,2,1,,,,,,,,,1
490,1979,4,13,,,Soufriere St. Vincent,W Indies,St. Vincent & the Grenadines,13.33,-61.18.00,1220,Stratovolcano,3,"T,P",2,1,,,,,,,,,1
491,1979,4,30,,,Marapi,Sumatra,Indonesia,-0.38.00,107.54.00,2885,Stratovolcano,2,M,80,2,,,,,,,,,2
492,1979,9,6,,,Asosan,Kyushu-Japan,Japan,46.45.00,132.25.00,1592,Stratovolcano,2,T,3,1,,,11,1,,,,,2
493,1979,9,12,,,Etna,Italy,Italy,49.28.00,30.39.00,3357,Stratovolcano,3,T,9,1,,,23,1,,,,,2
494,1980,5,18,3018,4876,St. Helens,US-Washington,United States,46.2,-122.18.00,2549,Stratovolcano,5,"P,M,T",57,2,,,,,2000,4,,,6
495,1980,8,17,,,Hekla,Iceland-S,Iceland,79.23.00,-30.06.00,1490,Stratovolcano,3,,,,,,,,,1,,,1
496,1980,12,25,,,Hood,US-Oregon,United States,51.14.00,-132.35.00,3426,Stratovolcano,,m,1,1,,,,,,,,,1
497,1981,3,17,,,Etna,Italy,Italy,49.28.00,30.39.00,3357,Stratovolcano,2,,,,,,,,10,3,,,3
498,1981,3,29,,,Semeru,Java,Indonesia,-9.48.00,127.22.00,3657,Stratovolcano,3,P,1,1,,,,,,,,,1
499,1981,4,27,,,Alaid,Kuril Is,Russia,64.21.00,164.25.00,2285,Stratovolcano,2,,,,,,,,,1,,,1
500,1981,5,14,,,Semeru,Java,Indonesia,-9.48.00,127.22.00,3657,Stratovolcano,3,m,372,3,120,3,152,3,,,,,9
501,1981,6,30,,,Mayon,Luzon-Philippines,Philippines,17.17,134.25.00,2462,Stratovolcano,,m,200,3,,,,,,,,,3
502,1981,9,5,,,Paluweh,Lesser Sunda Is,Indonesia,-8.32.00,132.48.00,875,Stratovolcano,2,P,,,,,,,,1,,1,2
503,1981,,,,,Vilyuchinsky,Kamchatka,Russia,52.7,158.28.00,2173,Stratovolcano,,A,,1,,,,,,,,,1
504,1982,3,29,,7221,"Chichon, El",Mexico,Mexico,17.36,-93.23.00,1150,Stratovolcano,5,"P,T,M,S",1879,4,1755,4,,,3.3,2,,,10
505,1982,4,4,,,"Chichon, El",Mexico,Mexico,17.36,-93.23.00,1150,Stratovolcano,5,P,33,1,,,,,,,,,1
506,1982,5,17,,,Galunggung,Java,Indonesia,-7.25.00,108.58.00,2168,Stratovolcano,4,"I,T",68,2,,,,,15,3,,,5
507,1982,5,27,,,"Chichon, El",Mexico,Mexico,17.36,-93.23.00,1150,Stratovolcano,5,m,1,1,,,,,,,,,1
508,1983,3,8,,,Klyuchevskoy,Kamchatka,Russia,56.56.00,170.42.00,4754,Stratovolcano,2,T,1,1,,,,,,,,,1
509,1983,7,23,,,Colo,Sulawesi-Indonesia,Indonesia,-2.42.00,131.01.00,404,Stratovolcano,4,,,,,,,,,2,,3,5
510,1983,10,3,,4990,Miyakejima,Izu Is-Japan,Japan,35.34.00,147.46.00,775,Stratovolcano,3,"L,T",,,,,,,,1,400,3,4
511,1984,8,15,5807,,Oku Volcanic Field,Africa-W,Cameroon,6.25,10.5,3011,Stratovolcano,,G,37,1,,,,,,,,,1
512,1984,9,9,,,Mayon,Luzon-Philippines,Philippines,17.17,134.25.00,2462,Stratovolcano,3,M,1,1,,,,,,,,,1
513,1984,9,14,,,Ontakesan,Honshu-Japan,Japan,49.53.00,137.48.00,3067,Stratovolcano,,A,29,1,,,,,,,,,1
514,1984,10,16,,,Etna,Italy,Italy,49.28.00,30.39.00,3357,Stratovolcano,3,S,1,1,,,,,,,,,1
515,1985,5,10,,,Semeru,Java,Indonesia,-9.48.00,127.22.00,3657,Stratovolcano,3,A,70,2,,,,,,,,,2
516,1985,11,13,,,"Ruiz, Nevado del",Colombia,Colombia,18.52,-80.24.00,5279,Stratovolcano,3,M,23080,4,,,10000,4,,,,,8
517,1985,12,19,,,Etna,Italy,Italy,49.28.00,30.39.00,3357,Stratovolcano,1,S,1,1,,,,,,,,,1
518,1986,5,8,,,Akita-Yakeyama,Honshu-Japan,Japan,55.04.00,152.37.00,1366,Stratovolcano,,G,1,1,,,,,,,,,1
519,1986,7,24,,,Stromboli,Italy,Italy,51.09.00,18.33,924,Stratovolcano,2,T,1,1,,,,,,,,,1
520,1986,8,21,5808,,Oku Volcanic Field,Africa-W,Cameroon,6.25,10.5,3011,Stratovolcano,3,G,1700,4,,,300,3,,,,,7
521,1986,11,15,,,Izu-Oshima,Izu Is-Japan,Japan,46.04.00,145.34.00,746,Stratovolcano,3,I,1,1,,,,,,,,,1
522,1986,12,31,,,Merapi,Java,Indonesia,-7.54.00,117.26.00,2910,Stratovolcano,2,M,1,1,,,,,,,,,1
523,1987,1,25,,,Pacaya,Guatemala,Guatemala,20.22,-100.01.00,2569,Stratovolcano,3,,,,,,15,1,,1,63,2,4
524,1987,4,17,,,Etna,Italy,Italy,49.28.00,30.39.00,3357,Stratovolcano,2,T,2,1,,,7,1,,,,,2
525,1988,5,9,,,Banda Api,Banda Sea,Pacific Ocean,-12.43.00,143.41.00,596,Stratovolcano,3,"T,L",4,1,,,,,,,,,1
526,1988,7,6,,,Arenal,Costa Rica,Costa Rica,17.43,-95.43.00,1670,Stratovolcano,3,T,1,1,,,,,,,,,1
527,1988,7,30,,,Semeru,Java,Indonesia,-9.48.00,127.22.00,3657,Stratovolcano,3,T,1,1,,,,,,,,,1
528,1988,12,25,,,Lonquimay,Chile-C,Chile,-44.19.00,-80.46.00,2832,Stratovolcano,3,T,1,1,,,,,,,,,1
529,1988,,,,,Akita-Yakeyama,Honshu-Japan,Japan,55.04.00,152.37.00,1366,Stratovolcano,,I,3,1,,,,,,,,,1
530,1989,2,12,,,Asosan,Kyushu-Japan,Japan,46.45.00,132.25.00,1592,Stratovolcano,,G,1,1,,,,,,,,,1
531,1989,8,26,,,Kirishimayama,Kyushu-Japan,Japan,46.34.00,144.22.00,1700,Stratovolcano,,G,2,1,,,,,,,,,1
532,1990,2,2,,,Sheveluch,Kamchatka,Russia,66.53.00,161.36.00,3283,Stratovolcano,3,,,,,,,,,1,,,1
533,1990,2,10,,,Kelud,Java,Indonesia,-22.35.00,117.14.00,1730,Stratovolcano,4,"T,P",35,1,,,,,,,,,1
534,1990,3,26,,,Asosan,Kyushu-Japan,Japan,46.45.00,132.25.00,1592,Stratovolcano,2,G,1,1,,,,,,,,,1
535,1990,4,18,,,Asosan,Kyushu-Japan,Japan,46.45.00,132.25.00,1592,Stratovolcano,2,G,1,1,,,,,,,,,1
536,1990,5,29,,,Coropuna,Peru,Peru,-15.52.00,-73.05.00,6377,Stratovolcano,3,,,,,,,,,1,,,1
537,1990,6,24,,,Rabaul,New Britain-SW Pac,Papua New Guinea,-8.06.00,155.14.00,688,Stratovolcano,,G,6,1,,,,,,,,,1
538,1990,7,19,,,Santa Maria,Guatemala,Guatemala,26.37.00,-100.12.00,3745,Stratovolcano,3,T,4,1,,,,,,,,,1
539,1990,10,19,,,Asosan,Kyushu-Japan,Japan,46.45.00,132.25.00,1592,Stratovolcano,2,G,1,1,,,,,,,,,1
540,1990,11,21,,,Nyiragongo,Africa-C,"Congo, DRC",-1.52.00,29.25.00,3470,Stratovolcano,,S,1,1,,,,,,,,,1
541,1990,11,25,,,Kelud,Java,Indonesia,-22.35.00,117.14.00,1730,Stratovolcano,,m,4,1,,,,,,,,,1
542,1991,6,3,,,Unzendake,Kyushu-Japan,Japan,44.41.00,134.59.00,1483,Stratovolcano,1,P,43,1,,,,,,,,,1
543,1991,6,15,,5292,Pinatubo,Luzon-Philippines,Philippines,15.13,120.35.00,1486,Stratovolcano,6,"P,m,I",350,3,,,4,1,,3,,,7
544,1991,6,,,,Mutnovsky,Kamchatka,Russia,59.29.00,161.16.00,2288,Stratovolcano,,I,1,1,,,,,,,,,1
545,1991,7,3,,,Karthala,Indian O-W,Comoros,-12.15.00,43.38.00,2361,Stratovolcano,2,,,,,,,,,1,,,1
546,1991,8,8,,,"Hudson, Cerro",Chile-S,Chile,-45.9,-73.37.00,1905,Stratovolcano,5,,,,,,,,,1,,,1
547,1991,10,24,,,Lokon-Empung,Sulawesi-Indonesia,Indonesia,6.58,137.12.00,1580,Stratovolcano,1,"T,P",1,1,,,,,,,,,1
548,1991,12,14,,,Etna,Italy,Italy,49.28.00,30.39.00,3357,Stratovolcano,2,,,,,,,,2.5,2,,,2
549,1992,1,21,,,Karangetang,Sangihe Is-Indonesia,Indonesia,15.01,131.47.00,1797,Stratovolcano,2,M,2,1,,,,,,,,,1
550,1992,3,18,,,Dieng Volcanic Complex,Java,Indonesia,-7.2,123.39.00,2565,Stratovolcano,,G,1,1,,,2,1,,,,,2
551,1992,4,10,,,"Negro, Cerro",Nicaragua,Nicaragua,20.26,-97.42.00,728,Stratovolcano,3,"T,I",11,1,,,50,1,3,2,,1,5
552,1992,5,11,,,Karangetang,Sangihe Is-Indonesia,Indonesia,15.01,131.47.00,1797,Stratovolcano,1,P,6,1,,,1,1,,,,,2
553,1992,7,5,,,Marapi,Sumatra,Indonesia,-0.38.00,107.54.00,2885,Stratovolcano,2,T,1,1,,,5,1,,,,,2
554,1992,7,12,,,Pinatubo,Luzon-Philippines,Philippines,15.13,120.35.00,1486,Stratovolcano,1,m,6,1,,,,,,,,,1
555,1992,9,17,,,Spurr,Alaska-SW,United States,65.59.00,-156.11.00,3374,Stratovolcano,4,I,1,1,,,,,2,2,,,3
556,1992,,,,,Semeru,Java,Indonesia,-9.48.00,127.22.00,3657,Stratovolcano,3,T,3,1,,,,,,,,,1
557,1993,1,14,,,Galeras,Colombia,Colombia,1.22,-77.37.00,4276,Stratovolcano,2,T,9,1,,,,,,,,,1
558,1993,1,21,,,Wurlali,Banda Sea,Indonesia,-9.05.00,139.15.00,868,Stratovolcano,,m,1,1,,,12,1,,,,,2
559,1993,2,2,,,Mayon,Luzon-Philippines,Philippines,17.17,134.25.00,2462,Stratovolcano,2,P,75,2,,,,,,,,,2
560,1993,3,12,,,Guagua Pichincha,Ecuador,Ecuador,-2.51.00,-87.58.00,4784,Stratovolcano,1,T,2,1,,,,,,,,,1
561,1993,4,19,,,Kilauea,Hawaiian Is,United States,26.01.00,-159.47.00,1222,Stratovolcano,,A,1,1,,,22,1,,,,,2
562,1993,6,13,,,Krakatau,Indonesia,Indonesia,-7.41.00,112.03.00,285,Stratovolcano,1,T,1,1,,,5,1,,,,,2
563,1993,6,23,,,Unzendake,Kyushu-Japan,Japan,44.41.00,134.59.00,1483,Stratovolcano,1,P,1,1,,,,,,,,1,2
564,1993,6,26,,,Pinatubo,Luzon-Philippines,Philippines,15.13,120.35.00,1486,Stratovolcano,1,m,4,1,,,,,,,,,1
565,1993,10,4,,,Pinatubo,Luzon-Philippines,Philippines,15.13,120.35.00,1486,Stratovolcano,,m,14,1,,,,,,,,,1
566,1994,1,15,,,Yasur,Vanuatu-SW Pacific,Vanuatu,-27.52.00,176.27.00,361,Stratovolcano,3,T,1,1,,,,,,,,,1
567,1994,2,3,,,Semeru,Java,Indonesia,-9.48.00,127.22.00,3657,Stratovolcano,3,P,6,1,,,,,,,,,1
568,1994,5,29,,,Asosan,Kyushu-Japan,Japan,46.45.00,132.25.00,1592,Stratovolcano,1,G,1,1,,,,,,,,,1
569,1994,9,19,2229,,Rabaul,New Britain-SW Pac,Papua New Guinea,-8.06.00,155.14.00,688,Stratovolcano,3,"T,W,E",4,1,,,,,86,4,,,5
570,1994,11,3,,,Rinjani,Lesser Sunda Is,Indonesia,-8.42.00,116.47.00,3726,Stratovolcano,3,m,31,1,,,,,,,,,1
571,1994,11,22,,,Merapi,Java,Indonesia,-7.54.00,117.26.00,2910,Stratovolcano,3,P,66,2,,,100,2,,,,,4
572,1995,2,4,,,Yasur,Vanuatu-SW Pacific,Vanuatu,-27.52.00,176.27.00,361,Stratovolcano,3,T,2,1,,,,,,,,,1
573,1995,2,11,,,Yakedake,Honshu-Japan,Japan,39.47.00,146.47.00,2455,Stratovolcano,1,T,4,1,,,,,,,,,1
574,1995,4,2,,,Fogo,Cape Verde Is,Cape Verde,15.35,-24.35.00,2829,Stratovolcano,2,,,,,,20,1,,1,10,1,3
575,1995,4,7,,,Pacaya,Guatemala,Guatemala,20.22,-100.01.00,2569,Stratovolcano,3,M,1,1,,,,,,1,1,1,3
576,1995,5,15,,,Kelimutu,Lesser Sunda Is,Indonesia,-9.17.00,122.22.00,1639,Stratovolcano,,,1,1,,,,,,,,,1
577,1995,9,6,,,Melebingoy,Mindanao-Philippines,Philippines,7.53,138.52.00,1824,Stratovolcano,,,60,2,,,,,,2,300,3,7
578,1996,4,30,,,Popocatepetl,Mexico,Mexico,19.23,-108.22.00,5393,Stratovolcano,3,,5,1,,,,,,1,,,2
579,1996,8,10,,,Kanlaon,Philippines-C,Philippines,10.41,123.13.00,2422,Stratovolcano,2,T,3,1,,,18,1,,,,,2
580,1996,9,27,,,Maderas,Nicaragua,Nicaragua,18.26,-93.35.00,1394,Stratovolcano,,m,6,1,,,,1,,,,,2
581,1996,9,30,,,Grimsvotn,Iceland-NE,Iceland,70.56.00,-22.16.00,1719,Stratovolcano,3,,,,,,,,,1,,,1
582,1996,12,3,,,Manam,New Guinea-NE of,Papua New Guinea,-4.08.00,145.37.00,1807,Stratovolcano,3,P,13,1,,,29,1,,,,,2
583,1997,1,14,,,Merapi,Java,Indonesia,-7.54.00,117.26.00,2910,Stratovolcano,2,,6,1,,,,1,,,,,2
584,1997,4,17,,,Karangetang,Sangihe Is-Indonesia,Indonesia,15.01,131.47.00,1797,Stratovolcano,1,P,3,1,,,,,,,,,1
585,1997,6,25,,,Soufriere Hills,W Indies,Montserrat,17.12,-62.18.00,915,Stratovolcano,3,P,22,1,1,,,,,,,,1
586,1997,7,12,,,Hakkodasan,Honshu-Japan,Japan,50.59.00,154.37.00,1585,Stratovolcano,,G,3,1,,,,,,,,,1
587,1997,8,1,,,Soufriere Hills,W Indies,Montserrat,17.12,-62.18.00,915,Stratovolcano,3,,2,1,,,,,,,,,1
588,1997,9,2,,,Semeru,Java,Indonesia,-9.48.00,127.22.00,3657,Stratovolcano,3,T,2,1,,,,,,,,,1
589,1997,9,15,,,Adatarayama,Honshu-Japan,Japan,47.47.00,144.41.00,1728,Stratovolcano,,G,4,1,,,,,,,,,1
590,1997,11,23,,,Asosan,Kyushu-Japan,Japan,46.45.00,132.25.00,1592,Stratovolcano,,G,2,1,,,,,,,,,1
591,1998,4,28,,,Kilauea,Hawaiian Is,United States,26.01.00,-159.47.00,1222,Stratovolcano,,L,1,1,,,,,,,,,1
592,1998,7,,,,Kelud,Java,Indonesia,-22.35.00,117.14.00,1730,Stratovolcano,,m,10,1,,,,,,,,,1
593,1998,10,30,,,San Cristobal,Nicaragua,Nicaragua,23.42,-87.04.00,1745,Stratovolcano,,m,1620,4,,,,,,,,,4
594,1999,8,15,,,Sheveluch,Kamchatka,Russia,66.53.00,161.36.00,3283,Stratovolcano,4,,,,,,,,,1,,,1
595,1999,10,5,,,Guagua Pichincha,Ecuador,Ecuador,-2.51.00,-87.58.00,4784,Stratovolcano,3,T,2,1,,,,,,,,,1
596,1999,10,16,,,Tungurahua,Ecuador,Ecuador,-8.47.00,-85.22.00,5023,Stratovolcano,3,T,1,1,,,4,1,,,,,2
597,2000,6,27,2340,5568,Miyakejima,Izu Is-Japan,Japan,35.34.00,147.46.00,775,Stratovolcano,2,,,,,,,,,1,,,1
598,2000,7,27,,,Semeru,Java,Indonesia,-9.48.00,127.22.00,3657,Stratovolcano,3,T,2,1,,,,,,,,,1
599,2000,8,23,,,Arenal,Costa Rica,Costa Rica,17.43,-95.43.00,1670,Stratovolcano,3,P,2,1,,,1,1,,,,,2
600,2000,11,3,,,Kilauea,Hawaiian Is,United States,26.01.00,-159.47.00,1222,Stratovolcano,,G,2,1,,,,,,,,,1
601,2000,11,,,,Merapi,Java,Indonesia,-7.54.00,117.26.00,2910,Stratovolcano,2,A,1,1,,,,,,,,,1
602,2001,5,14,,,Etna,Italy,Italy,49.28.00,30.39.00,3357,Stratovolcano,3,,1,1,,,,,,1,,,2
603,2001,7,26,,,Etna,Italy,Italy,49.28.00,30.39.00,3357,Stratovolcano,2,,,,,,,,,1,,1,2
604,2001,8,5,,,Merapi,Java,Indonesia,-7.54.00,117.26.00,2910,Stratovolcano,2,P,2,1,,,,,,,,,1
605,2001,10,20,,,Stromboli,Italy,Italy,51.09.00,18.33,924,Stratovolcano,2,T,1,1,,,,,,,,,1
606,2002,1,3,,,Karangetang,Sangihe Is-Indonesia,Indonesia,15.01,131.47.00,1797,Stratovolcano,3,M,,,,,,,,1,,1,2
607,2002,1,17,,,Nyiragongo,Africa-C,"Congo, DRC",-1.52.00,29.25.00,3470,Stratovolcano,1,L,100,2,,,400,3,,3,,3,11
608,2002,8,28,,5659,Etna,Italy,Italy,49.28.00,30.39.00,3357,Stratovolcano,3,,,,,,32,1,,2,,2,5
609,2002,11,3,,,Reventador,Ecuador,Ecuador,-1.17.00,-87.56.00,3562,Stratovolcano,4,I,,1,,,,1,,1,,1,4
610,2002,12,30,2923,,Stromboli,Italy,Italy,51.09.00,18.33,924,Stratovolcano,,,,,,,,1,,1,,1,3
611,2002,,,,,Semeru,Java,Indonesia,-9.48.00,127.22.00,3657,Stratovolcano,3,T,3,1,,,,,,,,,1
612,2004,1,29,,,Egon,Lesser Sunda Is,Indonesia,-19.16.00,129.35.00,1661,Stratovolcano,1,T,1,1,,,,,,,,,1
613,2004,6,8,,,Tengger Caldera,Java,Indonesia,-22.42.00,113.35.00,2329,Stratovolcano,2,T,2,1,,,5,1,,,,,2
614,2004,10,24,,,Manam,New Guinea-NE of,Papua New Guinea,-4.08.00,145.37.00,1807,Stratovolcano,4,T,5,1,,,,,,,,,1
615,2005,1,27,,,Manam,New Guinea-NE of,Papua New Guinea,-4.08.00,145.37.00,1807,Stratovolcano,4,T,1,1,,,14,1,,,,,2
616,2005,10,1,,,Santa Ana,El Salvador,El Salvador,27.13.00,-90.03.00,2381,Stratovolcano,3,A,2,1,,,,1,,,,,2
617,2005,11,25,,,Karthala,Indian O-W,Comoros,-12.15.00,43.38.00,2361,Stratovolcano,3,T,1,1,,,,,,1,,,2
618,2006,3,17,,,Raoul Island,Kermadec Is,New Zealand,-29.27.00,-178.32.00,516,Stratovolcano,1,T,1,1,,,,,,,,,1
619,2006,6,7,,,Bulusan,Luzon-Philippines,Philippines,24.49.00,124.56.00,1535,Stratovolcano,2,,1,1,,,,,,,,,1
620,2006,6,14,,,Merapi,Java,Indonesia,-7.54.00,117.26.00,2910,Stratovolcano,1,P,2,1,,,,,,,,,1
621,2006,7,18,,,Tungurahua,Ecuador,Ecuador,-8.47.00,-85.22.00,5023,Stratovolcano,3,,1,1,,,,,,,,,1
622,2006,8,17,,,Tungurahua,Ecuador,Ecuador,-8.47.00,-85.22.00,5023,Stratovolcano,3,T,5,1,,2,13,1,,3,,3,10
623,2006,11,30,,,Mayon,Luzon-Philippines,Philippines,17.17,134.25.00,2462,Stratovolcano,1,m,1266,4,,,,,,1,,,5
624,2007,3,,,,Manam,New Guinea-NE of,Papua New Guinea,-4.08.00,145.37.00,1807,Stratovolcano,4,M,4,1,,,1,1,,,,,2
625,2007,4,18,,,"Huila, Nevado del",Colombia,Colombia,3.33,-76.03.00,5364,Stratovolcano,,,,,,,,,,2,,1,3
626,2007,5,19,5758,,Ritter Island,New Guinea-NE of,Papua New Guinea,-13.39.00,149.55.00,75,Stratovolcano,1,"A,W",,,,,,,,1,,1,2
627,2007,7,7,,,Salak,Java,Indonesia,-17.56.00,118.13.00,2218,Stratovolcano,,G,6,1,,,,,,,,,1
628,2007,9,30,,,"Tair, Jebel at",Red Sea,Yemen,15.55,42.23.00,244,Stratovolcano,3,,7,1,,,1,1,,,,,2
629,2008,5,2,,,Chaiten,Chile-S,Chile,-55.55.00,-82.51.00,1122,Stratovolcano,,,1,1,,,,,,,,,1
630,2008,8,22,,,Tungurahua,Ecuador,Ecuador,-8.47.00,-85.22.00,5023,Stratovolcano,3,M,2,1,,,2,1,,1,2,1,4
631,2008,11,20,,,"Huila, Nevado del",Colombia,Colombia,3.33,-76.03.00,5364,Stratovolcano,,,10,1,,1,,1,,,,,3
632,2009,3,23,,,Redoubt,Alaska-SW,United States,68.05.00,-164.22.00,3108,Stratovolcano,,,,,,,,,,1,,,1
633,2009,11,30,,,Kilauea,Hawaiian Is,United States,26.01.00,-159.47.00,1222,Stratovolcano,,,,,,,,,,2,,,2
634,2010,1,,,,Tungurahua,Ecuador,Ecuador,-8.47.00,-85.22.00,5023,Stratovolcano,3,,,,,,,,,1,,,1
635,2010,3,31,,,Eyjafjallajokull,Iceland-S,Iceland,73.33.00,-29.33.00,1651,Stratovolcano,2,,2,1,,,,,,,,,1
636,2010,5,27,,,Pacaya,Guatemala,Guatemala,20.22,-100.01.00,2569,Stratovolcano,1,T,1,1,3,1,,,,1,3,1,4
637,2010,8,6,,,Karangetang,Sangihe Is-Indonesia,Indonesia,15.01,131.47.00,1797,Stratovolcano,3,,4,1,,,5,1,,,,1,3
638,2010,8,30,,,Sinabung,Sumatra,Indonesia,3.17,104.32.00,2460,Stratovolcano,,,2,1,,,,,,,,,1
639,2010,10,26,,,Merapi,Java,Indonesia,-7.54.00,117.26.00,2910,Stratovolcano,,,367,3,,,277,3,600,4,,3,13
640,2010,11,,,,Tungurahua,Ecuador,Ecuador,-8.47.00,-85.22.00,5023,Stratovolcano,3,,,,,,,,,1,,,1
641,2010,12,28,,,Tengger Caldera,Java,Indonesia,-22.42.00,113.35.00,2329,Stratovolcano,,,,,,,,,,1,,,1
642,2011,1,3,,,Merapi,Java,Indonesia,-7.54.00,117.26.00,2910,Stratovolcano,,M,1,1,,,1,1,,1,,,3
643,2011,1,28,,,Kirishimayama,Kyushu-Japan,Japan,46.34.00,144.22.00,1700,Stratovolcano,,,,,,,,1,,1,,,2
644,2011,2,23,,,Bulusan,Luzon-Philippines,Philippines,24.49.00,124.56.00,1535,Stratovolcano,2,,1,1,,,,,,,,,1
645,2011,3,18,,,Karangetang,Sangihe Is-Indonesia,Indonesia,15.01,131.47.00,1797,Stratovolcano,,,,,,,,,,1,,,1
646,2011,4,,,,Tungurahua,Ecuador,Ecuador,-8.47.00,-85.22.00,5023,Stratovolcano,4,,,,,,,,,1,,,1
647,2011,6,4,,,Puyehue-Cordon Caulle,Chile-C,Chile,-40.59.00,-73.57.00,2236,Stratovolcano,4,,,,,,,,,2,,,2
648,2011,6,22,,,Nabro,Africa-NE,Eritrea,13.37,41.7,2218,Stratovolcano,4,,31,1,,,,3,,1,,,5
649,2011,7,9,,,Katla,Iceland-S,Iceland,73.33.00,-20.23.00,1490,Stratovolcano,,,,,,,,,,1,,,1
650,2011,7,17,,,Lokon-Empung,Sulawesi-Indonesia,Indonesia,6.58,137.12.00,1580,Stratovolcano,,,1,1,,,,,,,,,1
651,2011,12,27,,,Gamalama,Halmahera-Indonesia,Indonesia,1.21,132.32.00,1714,Stratovolcano,3,m,4,1,,,,1,,,,,2
652,2012,2,10,,,Kilauea,Hawaiian Is,United States,26.01.00,-159.47.00,1222,Stratovolcano,,,,,,,,,,2,,,2
653,2012,3,2,,,Kilauea,Hawaiian Is,United States,26.01.00,-159.47.00,1222,Stratovolcano,,L,,,,,,,,1,1,1,2
654,2012,12,12,,,Tolbachik,Kamchatka,Russia,68.52.00,165.26.00,3611,Stratovolcano,,,,,,,,,,1,,,1
655,2013,2,12,,,Merapi,Java,Indonesia,-7.54.00,117.26.00,2910,Stratovolcano,,M,1,1,,,1,1,,1,,,3
656,2013,2,,,,Paluweh,Lesser Sunda Is,Indonesia,-8.32.00,132.48.00,875,Stratovolcano,,,,,,,,,,1,,1,2
657,2013,5,7,,,Mayon,Luzon-Philippines,Philippines,17.17,134.25.00,2462,Stratovolcano,,,5,1,,,8,1,,,,,2
658,2013,8,10,,,Paluweh,Lesser Sunda Is,Indonesia,-8.32.00,132.48.00,875,Stratovolcano,3,,5,1,,,,,,,,,1
659,2013,9,1,,,Ubinas,Peru,Peru,-21.45.00,-84.57.00,5608,Stratovolcano,,,,,,,,,,1,,,1
660,2013,9,4,,,Aira,Kyushu-Japan,Japan,40.37.00,140.59.00,1117,Stratovolcano,,,,,,,,,,1,,,1
661,2013,9,15,,,Sinabung,Sumatra,Indonesia,3.17,104.32.00,2460,Stratovolcano,2,,,,,,,,,2,,,2
662,2013,12,13,,,Okataina,New Zealand,New Zealand,-40.37.00,184.27.00,1111,Stratovolcano,,G,1,1,,,,,,,,,1
663,2014,2,1,,,Sinabung,Sumatra,Indonesia,3.17,104.32.00,2460,Stratovolcano,,,17,1,,,3,1,,1,,2,5
664,2014,2,13,,,Kelud,Java,Indonesia,-22.35.00,117.14.00,1730,Stratovolcano,,,7,1,,,,,,3,4098,4,8
665,2014,9,27,,,Ontakesan,Honshu-Japan,Japan,49.53.00,137.48.00,3067,Stratovolcano,3,,55,2,,,70,2,,,,,4
666,2014,11,10,,,Kilauea,Hawaiian Is,United States,26.01.00,-159.47.00,1222,Stratovolcano,,,,,,,,,14.5,3,1,1,4
667,2014,11,23,,,Fogo,Cape Verde Is,Cape Verde,15.35,-24.35.00,2829,Stratovolcano,,L,,,,,,,,2,230,3,5
668,2014,12,18,,,Gamalama,Halmahera-Indonesia,Indonesia,1.21,132.32.00,1714,Stratovolcano,,,1,1,,,4,1,,,,,2
669,2015,2,20,,,Sinabung,Sumatra,Indonesia,3.17,104.32.00,2460,Stratovolcano,,,,,,,,,,1,,1,2
670,2015,4,22,,,Calbuco,Chile-S,Chile,-41.33.00,-82.18.00,1974,Stratovolcano,,,,,,,,,,2,,2,4
671,2015,5,7,,,Karangetang,Sangihe Is-Indonesia,Indonesia,15.01,131.47.00,1797,Stratovolcano,,,,,,,,,,1,,1,2
672,2015,7,31,,,Manam,New Guinea-NE of,Papua New Guinea,-4.08.00,145.37.00,1807,Stratovolcano,2,,,,,,2,1,,1,,,2
673,2015,10,16,,,Sinabung,Sumatra,Indonesia,3.17,104.32.00,2460,Stratovolcano,,M,1,1,,,,,,1,,,2
674,2015,10,,,,Okataina,New Zealand,New Zealand,-40.37.00,184.27.00,1111,Stratovolcano,,I,1,1,,,,,,,,,1
675,2016,5,9,,,Sinabung,Sumatra,Indonesia,3.17,104.32.00,2460,Stratovolcano,,,1,1,,,4,1,,1,3,1,4
676,2016,5,21,,,Sinabung,Sumatra,Indonesia,3.17,104.32.00,2460,Stratovolcano,,,7,1,,,3,1,100,4,,,6
677,2016,6,9,,,Yellowstone,US-Wyoming,United States,44.43.00,-111.07.00,2805,Stratovolcano,,,1,1,,,,,,,,,1
678,2016,9,27,,,Rinjani,Lesser Sunda Is,Indonesia,-8.42.00,116.47.00,3726,Stratovolcano,,,,,44,1,,,,,,,1
679,2016,10,8,,,Asosan,Kyushu-Japan,Japan,46.45.00,132.25.00,1592,Stratovolcano,,T,,,,,,,,1,,,1
680,2017,3,15,,,Etna,Italy,Italy,49.28.00,30.39.00,3357,Stratovolcano,,P,,,,,10,1,,,,,1
681,2017,4,13,,,Sinabung,Sumatra,Indonesia,3.17,104.32.00,2460,Stratovolcano,2,P,,,,,,,,1,,2,3
682,2017,6,6,,,Fuego,Guatemala,Guatemala,21.53,-91.28.00,3763,Stratovolcano,2,P,,,,,,,,2,,,2
683,2017,7,1,,,Dieng Volcanic Complex,Java,Indonesia,-7.2,123.39.00,2565,Stratovolcano,,,8,1,,,11,1,,,,,2
684,2017,9,12,,,Campi Flegrei,Italy,Italy,53.47.00,16.19,458,Stratovolcano,,,3,1,,,,,,,,,1
685,2017,9,23,,,Ambae,Vanuatu-SW Pacific,Vanuatu,-21.29.00,180.55.00,1496,Stratovolcano,,T,,,,,,,,1,,,1
686,2017,12,18,,,Merapi,Java,Indonesia,-7.54.00,117.26.00,2910,Stratovolcano,,A,8,1,,,8,1,,,,,2
687,2017,12,27,,,Sinabung,Sumatra,Indonesia,3.17,104.32.00,2460,Stratovolcano,,T,,,,,,,,2,,,2
688,2018,1,5,,,Kadovar,New Guinea-NE of,Papua New Guinea,-13.08.00,153.48.00,365,Stratovolcano,2,T,,,,,,,,1,,,1
689,2018,1,13,,,Mayon,Luzon-Philippines,Philippines,17.17,134.25.00,2462,Stratovolcano,2,"T,P",,,,,1972,4,12.24,2,,,6
690,2018,1,23,,,Kusatsu-Shiranesan,Honshu-Japan,Japan,46.18.00,146.48.00,2165,Stratovolcano,1,T,1,1,,,11,1,,1,,,3
691,2018,2,1,,,Kilauea,Hawaiian Is,United States,26.01.00,-159.47.00,1222,Stratovolcano,1,G,1,1,,,3,1,,,,,2
692,2018,3,21,,,Ijen,Java,Indonesia,-8.58.00,118.02.00,2769,Stratovolcano,,G,,,,,30,1,,,,,1
693,2018,3,30,,,Ambae,Vanuatu-SW Pacific,Vanuatu,-21.29.00,180.55.00,1496,Stratovolcano,3,"T,G,M",4,1,,,,,,2,,1,4
694,2018,4,28,5678,10332,Kilauea,Hawaiian Is,United States,26.01.00,-159.47.00,1222,Stratovolcano,1,L,,,,,1,1,370,4,716,3,8
695,2018,6,3,,,Fuego,Guatemala,Guatemala,21.53,-91.28.00,3763,Stratovolcano,2,P,201,3,229,3,27,1,120,4,186,3,14
696,2018,7,16,,,Kilauea,Hawaiian Is,United States,26.01.00,-159.47.00,1222,Stratovolcano,,T,,,,,23,1,1,1,,,2
697,2018,8,25,,,Manam,New Guinea-NE of,Papua New Guinea,-4.08.00,145.37.00,1807,Stratovolcano,4,"L,T",,,,,,,,3,164,3,6
698,2018,12,15,,10382,Ambrym,Vanuatu-SW Pacific,Vanuatu,-16.25.00,168.12.00,1334,Stratovolcano,2,"S,T,G",,,,,,,,2,,1,3
699,2019,1,7,,,Manam,New Guinea-NE of,Papua New Guinea,-4.08.00,145.37.00,1807,Stratovolcano,4,T,,,,,,,,1,,,1
700,2019,5,7,,,Sinabung,Sumatra,Indonesia,3.17,104.32.00,2460,Stratovolcano,4,T,,,,,,,,2,,,2
701,2019,6,26,,,Ulawun,New Britain-SW Pac,Papua New Guinea,-5.05.00,151.33.00,2334,Subglacial volcano,4,"P,T",,,,,2,1,14,3,,,4
702,2019,6,28,,,Manam,New Guinea-NE of,Papua New Guinea,-4.08.00,145.37.00,1807,Subglacial volcano,4,"A,P,T",,,,,,,,2,,,2
703,2019,7,3,5913,,Stromboli,Italy,Italy,51.09.00,18.33,924,Subglacial volcano,2,"P,T,W",1,1,,,1,1,,,,,2
704,2019,12,9,,,Whakaari/White Island,New Zealand,New Zealand,-37.52.00,177.18.00,294,Subglacial volcano,2,T,22,1,,,25,1,,,,,2
705,2020,1,12,,,Taal,Luzon-Philippines,Philippines,14.11,136.38.00,311,Subglacial volcano,4,T,39,1,,,,,67,4,4573,4,9
706,2020,5,29,5748,10501,Ijen,Java,Indonesia,-8.58.00,118.02.00,2769,Subglacial volcano,,"G,W, S",1,1,,,,,,,,,1
707,2021,3,5,,,Sangay,Ecuador,Ecuador,-2.05.00,-83.41.00,5286,Subglacial volcano,2,T,,,,,,,,2,,,2
708,2021,3,,,,Pacaya,Guatemala,Guatemala,20.22,-100.01.00,2569,Subglacial volcano,1,"L,T",,,,,,,,1,,,1
709,2021,4,9,5905,,Soufriere St. Vincent,W Indies,St. Vincent & the Grenadines,13.33,-61.18.00,1220,Subglacial volcano,4,"T,W",,,,,,,325,4,,,4
710,2021,5,22,,10545,Nyiragongo,Africa-C,"Congo, DRC",-1.52.00,29.25.00,3470,Subglacial volcano,2,"L,I,S",32,1,,,,,,3,5000,4,8
711,2021,9,19,,,La Palma,Canary Is,Spain,28.57.00,-18.23.00,2426,Subglacial volcano,3,L,1,1,,,,,924,4,1345,4,9
712,2021,12,4,,,Semeru,Java,Indonesia,-9.48.00,127.22.00,3657,Subglacial volcano,4,T,51,1,9,1,169,3,20,3,2970,4,12
713,2022,1,15,5824,,Hunga Tonga-Hunga Ha'apai,Tonga-SW Pacific,Tonga,-29.13.00,-181.24.00,114,Subglacial volcano,5,W,,,,,,,17.12,3,,,3
714,2022,6,22,,,Popocatepetl,Mexico,Mexico,19.23,-108.22.00,5393,Submarine volcano,2,P,1,1,,,,,,,,,1
715,2022,12,4,,,Semeru,Java,Indonesia,-9.48.00,127.22.00,3657,Submarine volcano,4,"T,M",,,,,,,,1,,,1
716,2023,7,7,,,Bagana,Bougainville-SW Paci,Papua New Guinea,-8.17.00,158.16.00,1855,Submarine volcano,2,"T,G",,,,,,,,1,,1,2
717,2023,12,3,,,Marapi,Sumatra,Indonesia,-0.38.00,107.54.00,2885,Submarine volcano,,"P,T",23,1,0,,12,1,,,,,2
718,2023,12,18,,,Reykjanes,Iceland-SW,Iceland,76.37.00,-33.57.00,140,Tuff cone,,"S,L",1,1,,,,,,2,3,1,4
719,2024,4,16,,,Ruang,Sangihe Is-Indonesia,Indonesia,2.3,125.37.00,725,Tuff cone,,,,,,,,,15.5,3,3200,4,7
720,2024,4,20,,,Ijen,Java,Indonesia,-8.58.00,118.02.00,2769,Tuff cone,,,1,1,,,,,,,,,1
721,2024,5,11,,,Marapi,Sumatra,Indonesia,-0.38.00,107.54.00,2885,Tuff cone,2,M,67,2,20,1,33,1,,3,521,3,10
722,2024,6,3,,,Kanlaon,Philippines-C,Philippines,10.41,123.13.00,2422,Volcanic field,3,"M,G,T",,,,,,,2.5,2,2680,4,6
723,2024,11,3,,,Lewotobi,Lesser Sunda Is,Indonesia,-17.02.00,134.55.00,1703,Volcanic field,,"T,P,L",9,1,,,64,,,,23,1,2
724,2024,12,9,,,Kanlaon,Philippines-C,Philippines,10.41,123.13.00,2422,Volcanic field,2,"T,P",,0,,,,,2.2,2,1,1,3